0,430,4069.5783,39.79476,-86.234915
-342.8846674,-177.4854957,-0.616359362,0,80
-342.8852842,-177.4942046,-0.616374776,0,80
-342.8857662,-177.5025281,-0.616391396,0,80
-342.8861423,-177.5104866,-0.616408655,0,80
-342.8866826,-177.5187894,-0.616424323,0,80
-342.8872101,-177.5271067,-0.616440587,0,80
-342.8876401,-177.5354406,-0.616458159,0,80
-342.8881958,-177.5437368,-0.616473381,0,80
-342.8886547,-177.5520325,-0.616490386,0,80
-342.8893158,-177.5599063,-0.616502027,0,80
-342.889835,-177.5682207,-0.616518557,0,80
-342.8902294,-177.5758319,-0.616534288,0,80
-342.8907126,-177.58422,-0.616551477,0,80
-342.8910283,-177.5922634,-0.616569896,0,80
-342.8916545,-177.6010288,-0.616585703,0,80
-342.8920618,-177.6090455,-0.616602399,0,80
-342.8925499,-177.6170385,-0.616618295,0,80
-342.8930188,-177.6254414,-0.616635422,0,80
-342.8935722,-177.6334388,-0.61664998,0,80
-342.894236,-177.6414787,-0.616662013,0,80
-342.8946415,-177.6495646,-0.616679546,0,80
-342.8951649,-177.6580217,-0.616696202,0,80
-342.8956017,-177.6664872,-0.616713597,0,80
-342.8961016,-177.6745205,-0.616729436,0,80
-342.8965114,-177.682598,-0.6167467,0,80
-342.8962994,-177.6897019,-0.61677216,0,80
-342.8974406,-177.8192069,-0.61739415,0,80
-342.8985998,-178.0000398,-0.617778056,0,80
-342.9000888,-178.205618,-0.61821215,0,80
-342.9017133,-178.4455158,-0.618952785,0,80
-342.9035712,-178.7086941,-0.619719516,0,80
-342.9054404,-178.9800419,-0.62050592,0,80
-342.9074245,-179.2679469,-0.621350744,0,80
-342.9105808,-179.699751,-0.622440451,0,80
-342.9162198,-180.4567689,-0.624628155,0,80
-342.9247825,-181.56732,-0.627967974,0,80
-342.9368094,-183.1429485,-0.632629644,0,80
-342.9535646,-185.3041228,-0.639272571,0,80
-342.9784856,-188.577503,-0.649614531,0,80
-343.01726,-192.7842102,-0.663257282,0,80
-343.0707385,-197.159243,-0.674910723,0,80
-343.1175903,-201.0052681,-0.68587932,0,80
-343.1628373,-204.7328055,-0.696125022,0,80
-343.204682,-208.1909051,-0.705459429,0,80
-343.2419098,-211.27585,-0.714161316,0,80
-343.2783099,-214.3002986,-0.722444966,0,80
-343.3123591,-217.1392636,-0.730338741,0,80
-343.3429275,-219.6932254,-0.737419889,0,80
-343.3744629,-222.3372708,-0.744838468,0,80
-343.4016556,-224.6204893,-0.751184824,0,80
-343.4286288,-226.8910858,-0.757573933,0,80
-343.4542088,-229.048606,-0.763699247,0,80
-343.4784724,-231.1001931,-0.769463506,0,80
-343.5015446,-233.0569664,-0.77496999,0,80
-343.5235677,-234.9263776,-0.780291506,0,80
-343.5445822,-236.7145933,-0.785359501,0,80
-343.5646613,-238.4265701,-0.790199027,0,80
-343.5830219,-239.9956691,-0.794662859,0,80
-343.6014828,-241.5755211,-0.79916296,0,80
-343.6184018,-243.0269305,-0.803288912,0,80
-343.6362591,-244.5624096,-0.807609136,0,80
-343.6528764,-245.9935883,-0.811701311,0,80
-343.6683806,-247.3301204,-0.815575891,0,80
-343.6842146,-248.6970797,-0.819489585,0,80
-343.6994455,-250.0361404,-0.823282982,0,80
-343.7126423,-251.2259684,-0.826790752,0,80
-343.7276018,-252.565787,-0.830620414,0,80
-343.7417834,-253.815444,-0.834155103,0,80
-343.7544564,-254.9249538,-0.837356633,0,80
-343.76866,-256.1791289,-0.840875564,0,80
-343.7820066,-257.326413,-0.844138986,0,80
-343.7975543,-258.6923367,-0.848694358,0,80
-343.814216,-260.150564,-0.852454008,0,80
-343.831132,-261.6326782,-0.856713775,0,80
-343.8478305,-263.0994304,-0.86105262,0,80
-343.8632491,-264.4542274,-0.864974747,0,80
-343.8783065,-265.7774983,-0.868762149,0,80
-343.894833,-267.2284225,-0.873341914,0,80
-343.9106312,-268.6178059,-0.877001146,0,80
-343.9265675,-270.0225062,-0.881013276,0,80
-343.9418953,-271.3800821,-0.884970937,0,80
-343.9574585,-272.7587975,-0.889079565,0,80
-343.9725535,-274.0977754,-0.892889474,0,80
-343.9883152,-275.4947456,-0.896896197,0,80
-344.0039761,-276.8830616,-0.900903916,0,80
-344.0196238,-278.2621655,-0.904906542,0,80
-344.0352099,-279.6319051,-0.908862488,0,80
-344.0499365,-280.9308241,-0.912628008,0,80
-344.0645461,-282.221295,-0.916358425,0,80
-344.0804311,-283.6252249,-0.920403264,0,80
-344.0947739,-284.8987238,-0.924110578,0,80
-344.1096814,-286.2283537,-0.927994333,0,80
-344.123844,-287.4904973,-0.931641416,0,80
-344.1392327,-288.8641997,-0.93562227,0,80
-344.1538669,-290.1699351,-0.939432659,0,80
-344.1683816,-291.4689932,-0.94320113,0,80
-344.1821738,-292.7020684,-0.946791629,0,80
-344.1965409,-293.9861608,-0.950536702,0,80
-344.211498,-295.3201407,-0.954409611,0,80
-344.2251168,-296.530618,-0.957942006,0,80
-344.2393564,-297.7910055,-0.961623048,0,80
-344.2529413,-298.9900499,-0.965139803,0,80
-344.2671309,-300.2399815,-0.968755897,0,80
-344.2812514,-301.4822203,-0.972362763,0,80
-344.2952881,-302.718873,-0.97599009,0,80
-344.3093245,-303.9492672,-0.979550483,0,80
-344.3233642,-305.1787836,-0.98314916,0,80
-344.3371718,-306.4042721,-0.98671878,0,80
-344.3510753,-307.6414754,-0.990272564,0,80
-344.3653354,-308.9685082,-0.994234493,0,80
-344.3799432,-310.30546,-0.99816801,0,80
-344.3943784,-311.6351015,-1.002075005,0,80
-344.4095235,-313.0150797,-1.006124194,0,80
-344.4237732,-314.3067291,-1.00998436,0,80
-344.4381574,-315.6176108,-1.013778325,0,80
-344.4514802,-316.828457,-1.017223211,0,80
-344.4640049,-317.9446234,-1.020391264,0,80
-344.4771542,-319.0885662,-1.023793902,0,80
-344.490435,-320.2257608,-1.027102122,0,80
-344.5035285,-321.3519054,-1.030424444,0,80
-344.5159102,-322.4301557,-1.03355916,0,80
-344.5292019,-323.593468,-1.036986071,0,80
-344.5420989,-324.7116004,-1.040259232,0,80
-344.553812,-325.7161891,-1.043216454,0,80
-344.5671159,-326.8057426,-1.046286066,0,80
-344.5802896,-327.8858025,-1.049508954,0,80
-344.5934985,-328.9416066,-1.052585548,0,80
-344.6056216,-329.9313088,-1.055453027,0,80
-344.6176874,-330.9050294,-1.05825143,0,80
-344.629891,-331.8571951,-1.061034487,0,80
-344.6421967,-332.8325623,-1.063868764,0,50
-344.6537888,-333.7510594,-1.06656777,0,50
-344.6655294,-334.7007715,-1.069304623,0,50
-344.6766301,-335.6312403,-1.072024757,0,50
-344.6874981,-336.5086053,-1.074622086,0,50
-344.6991688,-337.4579974,-1.077343607,0,50
-344.7099538,-338.3199612,-1.079875783,0,50
-344.7207515,-339.2080885,-1.08247298,0,50
-344.7308616,-340.0570372,-1.084961746,0,50
-344.7419805,-340.9832776,-1.087695089,0,50
-344.7522132,-341.8670592,-1.090201766,0,50
-344.7623376,-342.7115506,-1.092692806,0,50
-344.7729251,-343.591162,-1.095337755,0,50
-344.7831037,-344.426952,-1.097783779,0,50
-344.7940335,-345.3427224,-1.100435388,0,50
-344.8047226,-346.2313238,-1.103027088,0,50
-344.8157955,-347.1540079,-1.105708279,0,50
-344.8261324,-348.0226156,-1.108215435,0,50
-344.8372892,-348.9445509,-1.110872381,0,50
-344.8499596,-349.9775237,-1.114362099,0,50
-344.8625037,-350.9951566,-1.117070563,0,50
-344.8758057,-352.0578901,-1.120046609,0,50
-344.8904068,-353.2353873,-1.123653559,0,50
-344.9048115,-354.3623908,-1.126968955,0,50
-344.919523,-355.4991763,-1.130216762,0,50
-344.934249,-356.6121335,-1.133445959,0,50
-344.9494019,-357.7731708,-1.136870452,0,50
-344.9636576,-358.8687609,-1.140028274,0,50
-344.9774236,-359.9360392,-1.14304034,0,40
-344.9924354,-361.0837211,-1.146372823,0,40
-345.007169,-362.2330845,-1.14987633,0,40
-345.0216689,-363.3726041,-1.153213085,0,40
-345.0366091,-364.5502206,-1.15665763,0,40
-345.0511182,-365.6873436,-1.159984887,0,40
-345.0656334,-366.8165595,-1.163322621,0,40
-345.08087,-367.9932575,-1.166872016,0,40
-345.0962604,-369.1679241,-1.170270182,0,40
-345.112102,-370.3868237,-1.173956196,0,40
-345.1282091,-371.6145135,-1.177351265,0,40
-345.1453945,-372.9482377,-1.180953354,0,40
-345.1630778,-374.3308044,-1.185029681,0,40
-345.180931,-375.7248945,-1.189201976,0,40
-345.1984641,-377.09203,-1.193327841,0,40
-345.2155945,-378.429067,-1.197419674,0,40
-345.2340354,-379.8734796,-1.201563333,0,40
-345.2499989,-381.1483995,-1.205299582,0,40
-345.2659087,-382.4452704,-1.209076267,0,40
-345.2818129,-383.7237626,-1.212848293,0,40
-345.297507,-384.9721243,-1.216508917,0,40
-345.3131402,-386.2139532,-1.220122181,0,40
-345.3284656,-387.4354064,-1.223752699,0,40
-345.3442011,-388.6950941,-1.227392008,0,40
-345.3588619,-389.8875807,-1.230932619,0,40
-345.3735157,-391.0918669,-1.234725411,0,40
-345.3890847,-392.3732013,-1.238296974,0,40
-345.4074765,-393.9086832,-1.242897899,0,40
-345.4288865,-395.678696,-1.247869363,0,40
-345.4493858,-397.3752783,-1.253173597,0,40
-345.4690009,-399.0036657,-1.257971016,0,30
-345.487795,-400.5683913,-1.262438342,0,30
-345.5058445,-402.0759723,-1.266811804,0,30
-345.5232613,-403.5297662,-1.271019783,0,30
-345.5400273,-404.9313147,-1.275008666,0,30
-345.556522,-406.3144106,-1.278994071,0,30
-345.5733062,-407.7300329,-1.282998807,0,30
-345.5892487,-409.1153622,-1.286908374,0,30
-345.6044972,-410.476167,-1.2906466,0,30
-345.6191717,-411.7536929,-1.294155343,0,30
-345.6336775,-413.0105671,-1.297559907,0,30
-345.6474108,-414.192239,-1.300711765,0,30
-345.6615302,-415.4087873,-1.30356937,0,30
-345.6754008,-416.6114317,-1.306421932,0,30
-345.6894421,-417.8505113,-1.309317506,0,30
-345.7027413,-419.0375143,-1.311388022,0,30
-345.7157975,-420.2107965,-1.313578747,0,30
-345.7290111,-421.39577,-1.315659936,0,30
-345.7268975,-422.5514139,-1.317075258,0,30
-345.7320271,-423.6794889,-1.318188847,0,30
-345.7368933,-424.7997964,-1.319439733,0,30
-345.7416535,-425.952985,-1.32011228,0,30
-345.7462974,-427.1050146,-1.319136083,0,30
-345.7533641,-428.723099,-1.318796215,0,30
-345.7636544,-430.8160547,-1.316471577,0,30
-345.7751239,-433.1866034,-1.312139403,0,30
-345.7855469,-435.4339755,-1.30592178,0,30
-345.7957264,-437.6637495,-1.299499551,0,30
-345.8042456,-439.6000901,-1.290571055,0,30
-345.7715572,-441.5355312,-1.282607254,0,30
-345.7259435,-443.3798307,-1.274574731,0,30
-345.6858922,-445.220114,-1.26458216,0,30
-345.6492593,-446.9042409,-1.257327048,0,30
-345.6112616,-448.5917075,-1.246849034,0,30
-345.576476,-450.1622496,-1.240490782,0,30
-345.540288,-451.7709351,-1.230543297,0,30
-345.5061557,-453.2818786,-1.221810426,0,30
-345.4745792,-454.6923283,-1.213492778,0,30
-345.4421685,-456.134322,-1.20379391,0,30
-345.4088853,-457.6085314,-1.195338727,0,30
-345.3788317,-458.9242663,-1.185581589,0,30
-345.317314,-460.2162126,-1.180735497,0,30
-345.2633827,-461.5258623,-1.173972448,0,30
-345.2135078,-462.7592762,-1.166938119,0,30
-345.1238202,-464.0083557,-1.165268334,0,30
-345.0553544,-465.2404323,-1.161289941,0,30
-344.9907621,-466.4000908,-1.158275709,0,30
-344.9233275,-467.6256557,-1.156484432,0,30
-344.8503561,-468.9431306,-1.154586588,0,30
-344.7807518,-470.194206,-1.153366735,0,30
-344.7125233,-471.4365382,-1.152512766,0,30
-344.6374564,-472.7881323,-1.150846034,0,30
-344.5562816,-474.2353352,-1.14952846,0,30
-344.4836622,-475.5381836,-1.147885305,0,30
-344.4084052,-476.8814753,-1.145338307,0,30
-344.3341448,-478.2011593,-1.144617156,0,30
-344.2586471,-479.5528792,-1.14297027,0,30
-344.1944913,-480.7088398,-1.140542794,0,30
-344.1244052,-481.9680096,-1.138993657,0,30
-344.0548548,-483.2177107,-1.137168452,0,30
-343.9861921,-484.4564139,-1.133958612,0,30
-343.9151087,-485.7345205,-1.130526987,0,30
-343.8447393,-486.9963183,-1.127490796,0,30
-343.7783367,-488.1934518,-1.123484273,0,30
-343.7094669,-489.4343854,-1.119222081,0,30
-343.6058356,-490.5886988,-1.120616422,0,30
-343.5241342,-491.7136083,-1.119366297,0,30
-343.4417653,-492.844141,-1.11804125,0,30
-343.343018,-494.1880608,-1.117154129,0,30
-343.2045048,-495.5659026,-1.118079886,0,30
-343.0758011,-496.9701906,-1.116730117,0,30
-342.9496741,-498.3374552,-1.114712296,0,30
-342.7597533,-499.6754374,-1.119068011,0,30
-342.6116933,-500.9264199,-1.119477661,0,30
-342.418152,-502.2598232,-1.122699471,0,30
-342.2598174,-503.44321,-1.12394011,0,30
-342.0858684,-504.6113739,-1.12654179,0,30
-341.8540778,-505.7922127,-1.135722012,0,30
-341.6446237,-507.0032682,-1.141200445,0,30
-341.4519273,-508.1199061,-1.1457463,0,30
-341.2176515,-509.2614444,-1.155134771,0,30
-341.0252958,-510.2834689,-1.161006731,0,30
-340.8224873,-511.345973,-1.166723546,0,30
-340.5830606,-512.4233827,-1.176439383,0,30
-340.3731695,-513.4522124,-1.18333159,0,30
-340.1139618,-514.7228586,-1.191168143,0,30
-339.7875425,-516.3269708,-1.200156818,0,30
-339.4689281,-517.8899239,-1.208215706,0,30
-339.1579429,-519.4156577,-1.213808248,0,30
-338.8079738,-521.1370513,-1.219702928,0,30
-338.3737535,-523.2829119,-1.221774373,0,30
-337.9557939,-525.3429989,-1.224458032,0,30
-337.5574698,-527.3040339,-1.223505945,0,30
-337.1765625,-529.1750112,-1.222950752,0,30
-336.7456666,-530.9485077,-1.227999134,0,30
-336.3563883,-532.6495692,-1.229203689,0,30
-335.982473,-534.2787254,-1.226594815,0,30
-335.6232432,-535.8429116,-1.225018055,0,30
-335.2604884,-537.4196147,-1.221962439,0,30
-334.9376484,-538.8191203,-1.218960479,0,30
-334.5604314,-540.226875,-1.223829274,0,30
-334.1861956,-541.5800177,-1.229091803,0,30
-333.83264,-542.8235971,-1.234710824,0,30
-333.4618297,-544.1640715,-1.24005315,0,30
-333.1145698,-545.4210302,-1.243551998,0,30
-332.7883136,-546.602677,-1.244894307,0,30
-332.440697,-547.8635466,-1.246481458,0,30
-332.047812,-549.2899363,-1.247067952,0,30
-331.6396014,-550.7690286,-1.245133733,0,30
-331.2417701,-552.2084052,-1.242911112,0,30
-330.855568,-553.6035067,-1.239020505,0,30
-330.4342843,-554.9478929,-1.241781945,0,30
-330.0641216,-556.1955531,-1.241074197,0,30
-329.689273,-557.4586402,-1.238616579,0,30
-329.3432175,-558.6254057,-1.234543115,0,30
-328.9707832,-559.8835267,-1.230318343,0,30
-328.6358655,-561.0168285,-1.225125902,0,30
-328.291559,-562.1832741,-1.218264664,0,30
-327.9215901,-563.430231,-1.210643552,0,30
-327.4238063,-565.1096291,-1.200428462,0,30
-326.8704663,-566.9771661,-1.185835687,0,30
-326.3650969,-568.6823349,-1.172938966,0,30
-325.902948,-570.2393117,-1.157903627,0,30
-325.3981494,-571.8643668,-1.145020771,0,30
-324.9555233,-573.2839474,-1.131052097,0,30
-324.5302225,-574.6488242,-1.116313461,0,30
-324.0468381,-576.0736069,-1.10656233,0,30
-323.5924948,-577.449478,-1.09332374,0,30
-323.1661366,-578.7395364,-1.07979272,0,30
-322.7036838,-579.9816967,-1.074106922,0,30
-322.2913608,-581.1542498,-1.063149145,0,30
-321.8111784,-582.5020105,-1.049999873,0,30
-321.1148244,-584.3140459,-1.039366226,0,30
-320.4911205,-585.9878349,-1.022463355,0,30
-319.7609997,-587.7648973,-1.014757517,0,30
-319.0246946,-589.4796412,-1.005988728,0,30
-318.3166241,-591.0350856,-1.003007995,0,30
-317.5392358,-592.6236968,-1.003958408,0,30
-316.7812753,-594.1890619,-1.004149011,0,30
-315.9612998,-595.6742973,-1.018079027,0,30
-315.2022527,-597.0944736,-1.025325311,0,30
-314.3406664,-598.6126087,-1.040439365,0,30
-313.565568,-599.8923339,-1.055777681,0,30
-312.7430933,-601.2954364,-1.068249199,0,30
-311.7682221,-602.9595541,-1.080227613,0,30
-310.7380126,-604.7178698,-1.090404556,0,30
-309.685417,-606.5140807,-1.099829816,0,30
-308.6060158,-608.2579791,-1.115079987,0,30
-307.5496305,-609.969778,-1.126735941,0,30
-306.4780376,-611.6297761,-1.142427566,0,30
-305.4054202,-613.2654512,-1.157587198,0,30
-304.3638249,-614.8627608,-1.169589551,0,30
-303.2806876,-616.5253615,-1.180446877,0,30
-301.7200854,-618.9227611,-1.19488223,0,30
-300.2589274,-621.1655046,-1.205384577,0,30
-298.8613411,-623.3088819,-1.211592493,0,30
-297.4787527,-625.4259373,-1.213026766,0,30
-296.2646209,-627.2781463,-1.213213881,0,30
-294.9847988,-629.0613393,-1.225465157,0,30
-293.6906839,-630.9157886,-1.228231617,0,30
-292.4802142,-632.6495124,-1.229934628,0,30
-291.2094139,-634.4206313,-1.230791114,0,30
-289.8880813,-636.2530881,-1.231441456,0,30
-288.6319742,-637.9948349,-1.227170435,0,30
-287.3739534,-639.7180666,-1.224556272,0,30
-286.081751,-641.3725324,-1.228713523,0,30
-284.8390776,-643.0014192,-1.22812832,0,30
-283.4723518,-644.792775,-1.224469505,0,30
-282.0825762,-646.5903727,-1.219781137,0,30
-280.6120655,-648.3053749,-1.229045374,0,30
-279.2136742,-649.9848057,-1.229434735,0,30
-277.8410333,-651.6319303,-1.22711473,0,30
-276.3187165,-653.3819962,-1.230054019,0,30
-274.8624414,-655.0703171,-1.230328394,0,30
-273.3518219,-656.6851903,-1.238572794,0,30
-271.872611,-658.3082523,-1.240128752,0,30
-270.4043306,-659.9170868,-1.232399926,0,30
-268.9178064,-661.4087208,-1.240892095,0,30
-267.4736764,-662.8097481,-1.248403951,0,30
-266.0804258,-664.1806663,-1.252882107,0,30
-264.6450075,-665.5927629,-1.254227772,0,30
-263.1748432,-666.8964399,-1.271426483,0,30
-261.7628177,-668.1843871,-1.277776575,0,30
-260.3750099,-669.4491389,-1.283184362,0,30
-258.9606533,-670.7366793,-1.282348176,0,30
-257.2393216,-672.3042934,-1.281576544,0,30
-255.6094909,-673.7875979,-1.276404681,0,30
-253.8860606,-675.3561159,-1.27001865,0,30
-252.0539975,-677.0217302,-1.257849549,0,30
-250.3510774,-678.5690389,-1.244994238,0,30
-248.7473845,-680.0251636,-1.230276234,0,30
-247.0988794,-681.5193449,-1.211331376,0,30
-245.4612034,-682.8946734,-1.204531766,0,30
-243.8678496,-684.1558398,-1.203153135,0,30
-242.3535438,-685.3589661,-1.201274257,0,30
-240.8915167,-686.5206756,-1.196510005,0,30
-239.4872248,-687.6355483,-1.191671129,0,30
-238.1422971,-688.7030819,-1.184788208,0,30
-236.824007,-689.7483763,-1.176834721,0,30
-235.5423511,-690.7640801,-1.168352731,0,30
-234.3581531,-691.7012545,-1.15518604,0,30
-233.1031165,-692.6586336,-1.146394779,0,30
-231.8851468,-693.5977454,-1.130841441,0,30
-230.6949304,-694.4969317,-1.118243121,0,30
-229.5193954,-695.3207673,-1.114074983,0,30
-228.3878146,-696.1418466,-1.104903735,0,30
-227.2181083,-696.9305844,-1.104017737,0,30
-226.1383707,-697.6852158,-1.099191122,0,30
-225.0288826,-698.4372315,-1.096240097,0,30
-223.9830565,-699.1348492,-1.095242038,0,30
-222.9472493,-699.813453,-1.095195266,0,30
-221.8632308,-700.4949723,-1.09433965,0,30
-220.8427991,-701.1490217,-1.091199857,0,30
-219.8053292,-701.7679242,-1.092540127,0,30
-218.7820266,-702.377181,-1.09024881,0,30
-217.7490433,-702.9655769,-1.092106188,0,30
-216.770189,-703.5218818,-1.093952122,0,30
-215.7300366,-704.0859151,-1.100309256,0,30
-214.6330979,-704.667591,-1.107760136,0,30
-213.6013739,-705.2283161,-1.113206252,0,30
-212.5071786,-705.8219973,-1.118747206,0,30
-211.2286157,-706.5137877,-1.124663611,0,30
-209.315042,-707.5519559,-1.132411014,0,30
-206.5523934,-709.0498856,-1.13942008,0,30
-203.6577102,-710.6037139,-1.141191095,0,30
-200.7679342,-711.9994786,-1.160068233,0,30
-198.1337219,-713.2990912,-1.168672696,0,30
-195.5856148,-714.5233544,-1.17651204,0,30
-193.1477347,-715.5941501,-1.194762004,0,30
-190.8179897,-716.6399653,-1.205858615,0,30
-188.6098587,-717.6286296,-1.206721924,0,30
-186.5165413,-718.5646574,-1.203845392,0,30
-184.6181865,-719.411645,-1.195217689,0,30
-182.6889874,-720.2717796,-1.185474488,0,30
-180.7497074,-721.1044015,-1.179232113,0,30
-178.9680444,-721.8274187,-1.179556178,0,30
-177.183649,-722.5325689,-1.181980438,0,30
-175.6167496,-723.1276033,-1.186262808,0,30
-174.0117199,-723.7459223,-1.18367994,0,30
-172.5261234,-724.3180984,-1.180742735,0,30
-170.9621188,-724.9195817,-1.172042624,0,30
-169.1921027,-725.5996985,-1.162191174,0,30
-167.4345793,-726.262673,-1.153951708,0,30
-165.5433746,-726.9192789,-1.152128736,0,30
-163.6559114,-727.5243185,-1.159233777,0,30
-161.7058256,-728.167811,-1.161921491,0,30
-159.6956035,-728.7442243,-1.176406331,0,30
-157.673296,-729.3514545,-1.18086792,0,30
-155.741225,-729.8630888,-1.191101749,0,30
-153.8641141,-730.3791387,-1.196187953,0,30
-151.9972496,-730.8920485,-1.198707971,0,30
-150.1578737,-731.338535,-1.207559823,0,30
-148.4641326,-731.7611858,-1.212419724,0,30
-146.7101544,-732.1692088,-1.217637136,0,30
-144.9054321,-732.5945786,-1.223104215,0,30
-143.177948,-733.0001779,-1.220867952,0,30
-141.0979564,-733.4092765,-1.232730405,0,30
-138.9403183,-733.8564081,-1.23160808,0,30
-136.9165897,-734.2758956,-1.23208354,0,30
-134.9098678,-734.6313089,-1.237512449,0,30
-132.8320011,-735.0050369,-1.245502545,0,30
-130.9485644,-735.272082,-1.25845405,0,30
-129.0044484,-735.4942168,-1.281352667,0,30
-127.0949944,-735.7015851,-1.299427866,0,30
-125.2373179,-735.9107091,-1.316863337,0,30
-123.4807175,-736.1065752,-1.327550798,0,30
-121.4842543,-736.29063,-1.345704796,0,30
-119.5079791,-736.4881291,-1.356960865,0,30
-117.38993,-736.698624,-1.369392391,0,30
-115.2758912,-736.8282424,-1.387444721,0,30
-113.3051579,-736.9740382,-1.401987938,0,30
-111.2405893,-737.1265591,-1.412443431,0,30
-109.1248891,-737.2832414,-1.423463065,0,30
-106.9716918,-737.4408554,-1.429187161,0,30
-104.8407946,-737.5965081,-1.434987464,0,30
-102.307929,-737.7784326,-1.435010817,0,30
-99.50152196,-737.9783263,-1.43026552,0,30
-96.85807232,-738.1665695,-1.426182285,0,30
-94.36233657,-738.3438423,-1.419086849,0,30
-91.99918105,-738.5111896,-1.413006249,0,30
-89.75542184,-738.6102292,-1.413518986,0,30
-87.62408994,-738.7042783,-1.412097694,0,30
-85.59620177,-738.7531144,-1.414456176,0,30
-83.65761833,-738.8098579,-1.415088319,0,30
-81.7128105,-738.8670208,-1.416698657,0,30
-79.3018149,-738.9342732,-1.421808811,0,30
-75.83731656,-739.0232284,-1.431466578,0,30
-72.22367766,-739.1151683,-1.436423388,0,30
-69.07648666,-739.1953066,-1.440112747,0,30
-65.9874583,-739.3152464,-1.444593756,0,30
-63.09167437,-739.4380531,-1.449715019,0,30
-60.3681657,-739.5535264,-1.450520549,0,30
-57.79923285,-739.6625502,-1.447734924,0,30
-55.36873421,-739.7661161,-1.450766582,0,30
-53.02145369,-739.8655519,-1.45088912,0,30
-50.86018865,-739.9579022,-1.456337422,0,30
-48.66754494,-740.0508871,-1.460760853,0,30
-46.59230444,-740.138839,-1.463268241,0,30
-44.55349656,-740.2245256,-1.467246984,0,30
-42.19048526,-740.3229967,-1.467727875,0,30
-39.81520832,-740.4223049,-1.472645799,0,30
-37.46012259,-740.519365,-1.473698209,0,30
-35.03362646,-740.6197213,-1.480323978,0,30
-32.5691547,-740.7204025,-1.483637153,0,30
-30.13706592,-740.8200745,-1.484821702,0,30
-27.80001025,-740.9156371,-1.486526327,0,30
-25.52612476,-741.0082181,-1.483173784,0,30
-22.99408074,-741.1111868,-1.483427453,0,30
-20.71231928,-741.2038351,-1.48024338,0,30
-18.34434392,-741.3001511,-1.476704761,0,30
-16.19433129,-741.3873993,-1.473970103,0,30
-14.14811304,-741.4704635,-1.469987849,0,30
-12.14993292,-741.5517738,-1.466539183,0,30
-10.21187233,-741.6303723,-1.462584045,0,30
-8.351205425,-741.7056228,-1.459003464,0,30
-6.536471318,-741.7792596,-1.455478957,0,30
-4.645257261,-741.8559922,-1.452883433,0,30
-2.748254048,-741.9126248,-1.451002572,0,30
-0.936339422,-741.9660878,-1.450679863,0,30
0.81913036,-741.9869515,-1.450442491,0,30
2.608310084,-741.9892973,-1.450934386,0,30
4.204103735,-742.0003703,-1.451429876,0,30
5.887284013,-741.9314704,-1.453746679,0,30
7.522462207,-741.8923234,-1.455582395,0,30
9.183353574,-741.852297,-1.457287095,0,30
11.15304861,-741.8051402,-1.459708735,0,30
13.10274215,-741.7585451,-1.462673706,0,30
15.22240362,-741.7070543,-1.449523498,0,30
17.50594549,-741.6520758,-1.466883626,0,30
19.75625725,-741.5987687,-1.471197921,0,30
22.21430512,-741.5401542,-1.475255917,0,30
24.46584003,-741.4866136,-1.477048189,0,30
26.64183115,-741.4347476,-1.478986271,0,30
28.71229152,-741.3853991,-1.480683636,0,30
30.72409478,-741.3372591,-1.481735713,0,30
32.65312349,-741.2616679,-1.482929642,0,30
34.57565877,-741.1635517,-1.48473137,0,30
36.33028997,-741.0503234,-1.486385165,0,30
38.02084383,-740.9509574,-1.487920636,0,30
39.65760768,-740.8334247,-1.489727868,0,30
41.22444234,-740.685742,-1.491783032,0,30
42.80700261,-740.5448491,-1.493913987,0,30
44.29383414,-740.3597864,-1.496431609,0,30
45.73928869,-740.1580064,-1.49919482,0,30
47.16107407,-739.9679916,-1.502046285,0,30
48.57175227,-739.7487569,-1.505382929,0,30
50.03839695,-739.49306,-1.509567961,0,30
51.43534025,-739.2341418,-1.514132027,0,30
52.82883662,-738.9820328,-1.517728476,0,30
54.28684734,-738.7185077,-1.521873719,0,30
55.72332597,-738.391725,-1.526209484,0,30
57.15048787,-738.0977121,-1.530771572,0,30
58.76090288,-737.7660657,-1.536293808,0,30
60.64115172,-737.3789637,-1.542607722,0,30
62.33118406,-736.9726511,-1.549663603,0,30
64.09639803,-736.5713163,-1.556923943,0,30
65.77437453,-736.1896294,-1.564419939,0,30
67.52530313,-735.7915917,-1.571412993,0,30
69.19024692,-735.4130907,-1.57836496,0,30
70.92771699,-735.0180521,-1.585081915,0,30
72.65818278,-734.6245411,-1.591897513,0,30
74.38176902,-734.2322535,-1.598581401,0,30
76.09847311,-733.8414948,-1.604409712,0,30
77.80538819,-733.4530338,-1.609337613,0,30
79.50092633,-733.066918,-1.61392852,0,30
81.36772826,-732.6421502,-1.619676165,0,30
83.08593076,-732.251099,-1.625006712,0,30
84.82208864,-731.8559884,-1.629802922,0,30
86.45757747,-731.4839526,-1.632052283,0,30
88.5714951,-731.0006659,-1.634680608,0,30
91.35309234,-730.3632952,-1.633865044,0,30
93.75311816,-729.81358,-1.631430197,0,30
96.17492519,-729.2586781,-1.626521726,0,30
98.49530154,-728.7266613,-1.620350823,0,30
100.6977576,-728.2215403,-1.615428957,0,30
102.7043234,-727.7609665,-1.612173996,0,30
104.7416309,-727.2933891,-1.611736315,0,30
106.8011754,-726.8208725,-1.613910646,0,30
108.8179843,-726.3584318,-1.615292043,0,30
110.6686637,-725.9340151,-1.617506221,0,30
112.5679777,-725.4987181,-1.620906472,0,30
114.5140334,-725.0525245,-1.626259622,0,30
116.3498138,-724.6317657,-1.631338078,0,30
118.1611518,-724.216782,-1.635703884,0,30
119.9313749,-723.8115827,-1.639192596,0,30
121.6644062,-723.4143695,-1.64242781,0,30
123.3487402,-723.0282193,-1.644695798,0,30
125.062015,-722.6350505,-1.647231704,0,30
126.636136,-722.2277481,-1.648829787,0,30
128.2241942,-721.8292959,-1.652917584,0,30
129.7183603,-721.4539764,-1.656880691,0,30
131.2508287,-721.0693367,-1.662379972,0,30
132.6360743,-720.7216616,-1.667085349,0,30
134.3723368,-720.2857035,-1.673515409,0,30
136.6864426,-719.7050289,-1.681884452,0,30
139.10696,-719.0973602,-1.688360491,0,30
141.5878114,-718.4744541,-1.693486001,0,30
143.8805051,-717.898665,-1.69653192,0,30
146.0162464,-717.3623219,-1.698412096,0,30
148.2514204,-716.8011232,-1.697075854,0,30
150.7633568,-716.1703627,-1.695780922,0,30
153.2137371,-715.5549518,-1.691196755,0,30
155.5896488,-714.9583214,-1.684007971,0,30
158.0435782,-714.3420253,-1.675870999,0,30
161.0385813,-713.5896136,-1.664533029,0,30
164.6168291,-712.6927765,-1.648691711,0,30
167.9617009,-711.8256953,-1.634281294,0,30
171.0419359,-710.9024987,-1.621528552,0,30
173.888582,-709.933954,-1.610892818,0,30
176.3907549,-708.9345614,-1.602957433,0,30
178.8378885,-707.8953166,-1.587204649,0,30
181.0485698,-706.8385412,-1.580203934,0,30
183.2993218,-705.7655613,-1.573887119,0,30
185.4868775,-704.7212272,-1.568143925,0,30
187.6220725,-703.7022737,-1.560931999,0,30
189.7039809,-702.6955025,-1.565642714,0,30
191.6845394,-701.7379345,-1.558525546,0,30
193.5831825,-700.8202701,-1.555102306,0,30
195.4164717,-699.9336757,-1.548943896,0,30
197.1992347,-699.0721108,-1.544936551,0,30
198.899474,-698.2502002,-1.541497132,0,30
200.4624349,-697.4947692,-1.539185513,0,30
202.0540282,-696.7255395,-1.536565306,0,30
203.6171154,-695.9696211,-1.534577646,0,30
205.2195606,-695.1951721,-1.531512226,0,30
206.722806,-694.4683557,-1.529343657,0,30
208.2318132,-693.7389328,-1.524652845,0,30
209.7133544,-693.0225858,-1.521002138,0,30
211.2663246,-692.2716493,-1.514452657,0,30
212.6588409,-691.5983513,-1.508561315,0,30
214.0969146,-690.9027289,-1.501909968,0,30
215.582992,-690.1843149,-1.491841451,0,30
216.9795571,-689.5088231,-1.483577238,0,30
218.4062848,-688.819088,-1.47199756,0,30
219.7400634,-688.1743219,-1.461280873,0,30
221.03908,-687.5461414,-1.450871902,0,30
222.3090913,-686.9325504,-1.438240631,0,30
223.5393736,-686.3380364,-1.426848685,0,30
224.7469725,-685.7542581,-1.415263377,0,30
225.9535247,-685.1715089,-1.402611204,0,30
227.2174682,-684.5606137,-1.390574906,0,30
228.4899368,-683.945273,-1.377550945,0,30
229.8780985,-683.2742894,-1.363998845,0,30
231.1413229,-682.6403688,-1.352929972,0,30
232.4324453,-681.9999703,-1.341818668,0,30
233.6651371,-681.3378546,-1.329721953,0,30
234.8851667,-680.7070146,-1.31967367,0,30
236.053663,-680.0403798,-1.323258924,0,30
237.1977089,-679.3912132,-1.321131629,0,30
238.3298654,-678.7328771,-1.324780602,0,30
239.4456949,-678.0488179,-1.329261194,0,30
240.5407082,-677.3356396,-1.327467254,0,30
241.6290849,-676.6488428,-1.328485066,0,30
242.6581803,-675.982696,-1.330280471,0,30
243.7689449,-675.2482814,-1.333598607,0,30
244.8271434,-674.4918028,-1.337242994,0,30
245.906309,-673.6896483,-1.341476326,0,30
246.9343503,-672.9181966,-1.348091136,0,30
247.9430645,-672.121973,-1.355391183,0,30
248.9233181,-671.290886,-1.36211667,0,30
249.884515,-670.4391205,-1.369569559,0,30
250.7996488,-669.6259775,-1.379041151,0,30
251.7258005,-668.738193,-1.387909456,0,30
252.6521818,-667.8521202,-1.396608129,0,30
253.5128872,-666.9776367,-1.406216725,0,30
254.414738,-666.0612217,-1.415590257,0,30
255.2773076,-665.1043558,-1.423098704,0,30
256.1584741,-664.1648063,-1.431134305,0,30
256.9857988,-663.1738739,-1.43825594,0,30
257.7855454,-662.2377198,-1.442450829,0,30
258.6037836,-661.2383452,-1.445392609,0,30
259.4164244,-660.2366331,-1.44729378,0,30
260.2327019,-659.2452102,-1.446697563,0,30
261.0278321,-658.249119,-1.443883082,0,30
261.797392,-657.2372091,-1.438033848,0,30
262.5154646,-656.2627767,-1.431251064,0,30
263.2531653,-655.235025,-1.421702999,0,30
263.9439255,-654.2485754,-1.410334661,0,30
264.6484004,-653.2077178,-1.397233654,0,30
265.3594955,-652.1066827,-1.382350427,0,30
266.0063535,-651.1060895,-1.367304126,0,30
266.6644783,-650.0517391,-1.350610977,0,30
267.3019113,-648.989427,-1.333368208,0,30
267.9487728,-647.9384302,-1.31578921,0,30
268.5622324,-646.873471,-1.297442721,0,30
269.147274,-645.7972478,-1.27934849,0,30
269.731231,-644.7264801,-1.260728335,0,30
270.2245975,-643.6747517,-1.242149811,0,30
270.7736966,-642.5960845,-1.221695917,0,30
271.2794694,-641.5001643,-1.201728266,0,30
271.8017424,-640.4168409,-1.183452844,0,30
272.2472423,-639.4218846,-1.165782105,0,30
272.7467029,-638.3358017,-1.148264186,0,30
273.1878013,-637.2271473,-1.130970331,0,30
273.6033035,-636.1128399,-1.113714572,0,30
274.0132304,-635.0007441,-1.096269936,0,30
274.3972108,-633.9382502,-1.08031474,0,30
274.8016102,-632.7727725,-1.062699718,0,30
275.1450633,-631.7013229,-1.046394738,0,30
275.4972475,-630.57988,-1.029906339,0,30
275.7824944,-629.4961793,-1.013207047,0,30
276.1297484,-628.3229166,-0.996425105,0,30
276.4117145,-627.1872881,-0.979614601,0,30
276.6825596,-626.0526331,-0.96312929,0,30
276.9394277,-624.9744903,-0.947597824,0,30
277.2103618,-623.8722885,-0.932097434,0,30
277.4816071,-622.7693871,-0.916882578,0,30
277.8180138,-621.4007666,-0.898865674,0,30
278.2015196,-619.5865163,-0.875474053,0,30
278.639453,-617.6265266,-0.850509492,0,30
279.0322256,-615.7567617,-0.827762988,0,30
279.411055,-613.97529,-0.808009671,0,30
279.7728366,-612.2738424,-0.790218102,0,30
280.1180321,-610.6484233,-0.774254741,0,30
280.4541856,-609.0664921,-0.760358241,0,30
280.764381,-607.606975,-0.748104379,0,30
281.0802932,-606.1215262,-0.736979245,0,30
281.3593097,-604.8094429,-0.728165566,0,30
281.6570953,-603.408802,-0.718894539,0,30
281.9496623,-602.0329366,-0.711725162,0,30
282.2366184,-600.6848965,-0.704963087,0,30
282.5183692,-599.3600751,-0.698433238,0,30
282.7833045,-598.1166841,-0.694077634,0,30
283.0568039,-596.8357237,-0.689003363,0,30
283.3261135,-595.5734724,-0.684416883,0,30
283.5801094,-594.3812464,-0.681606904,0,30
283.8305937,-593.2069722,-0.678067492,0,30
284.0868114,-592.0048433,-0.674438992,0,30
284.3411828,-590.8115519,-0.672146176,0,30
284.5810964,-589.6881711,-0.669481869,0,30
284.8476543,-588.4406724,-0.66651383,0,30
285.1011785,-587.2536322,-0.664390371,0,30
285.352975,-586.0758583,-0.661898608,0,30
285.6501527,-584.6891635,-0.658918783,0,30
285.993837,-583.0833299,-0.657497511,0,30
286.3253675,-581.5350009,-0.660280508,0,30
286.6319105,-580.1026832,-0.663082281,0,30
286.9290432,-578.6354815,-0.669469113,0,30
287.2171057,-577.2222086,-0.675002313,0,30
287.4565027,-575.8234487,-0.679786268,0,30
287.7080777,-574.4643587,-0.68573559,0,30
287.9082723,-573.180237,-0.690201755,0,30
288.1151317,-571.8592929,-0.695642006,0,30
288.2573141,-570.661684,-0.69943506,0,30
288.4097976,-569.3661336,-0.703450798,0,30
288.5705865,-568.0846976,-0.707669112,0,30
288.7235541,-566.8682527,-0.711373167,0,30
288.9131737,-565.3569028,-0.716136349,0,30
289.1610963,-563.3820671,-0.722832537,0,30
289.4293475,-561.2433714,-0.729011808,0,30
289.6846165,-559.2091274,-0.736063851,0,30
289.9170837,-557.356643,-0.743320134,0,30
290.1392044,-555.5859803,-0.750287093,0,30
290.3653907,-553.8968655,-0.75644105,0,30
290.5807781,-552.1996293,-0.762230472,0,30
290.7459054,-550.5677546,-0.764245173,0,30
290.9083211,-549.124558,-0.766661579,0,30
291.0749828,-547.6418015,-0.767113962,0,30
291.2635619,-545.9664398,-0.768428735,0,30
291.5013012,-543.8543189,-0.770761077,0,30
291.7323211,-541.7996879,-0.776211137,0,30
291.9860435,-539.7749561,-0.781175278,0,30
292.2447697,-537.7505413,-0.791205742,0,30
292.4930355,-535.7927133,-0.799756349,0,30
292.773835,-533.8432225,-0.814250809,0,30
293.0640934,-531.9872322,-0.827934968,0,30
293.3620729,-530.2137062,-0.844621938,0,30
293.6408411,-528.501899,-0.85960879,0,30
293.8997564,-526.9125889,-0.873444217,0,30
294.1573712,-525.3325793,-0.884251488,0,30
294.4669287,-523.7189735,-0.895079905,0,30
294.7446243,-522.218451,-0.902011635,0,30
295.0314013,-520.6698308,-0.909289705,0,30
295.3212537,-519.1042932,-0.915926117,0,30
295.6131432,-517.5290036,-0.92376721,0,30
295.8637026,-516.0315463,-0.930884096,0,30
296.1303087,-514.4997279,-0.939690084,0,30
296.3912794,-512.9986044,-0.947875768,0,30
296.6698322,-511.3977699,-0.957164529,0,30
296.9694476,-509.675792,-0.966057921,0,30
297.3658942,-507.397421,-0.978998124,0,30
297.7751813,-505.0454929,-0.987484574,0,30
298.1935872,-502.6411019,-0.99619346,0,30
298.5898968,-500.3645009,-1.003758936,0,30
298.9227566,-498.2962696,-1.009944282,0,30
299.2473597,-496.2367907,-1.015603676,0,30
299.546827,-494.3464124,-1.020352769,0,30
299.7923666,-492.4361262,-1.02440762,0,30
300.0311261,-490.6761692,-1.02803546,0,30
300.2176299,-488.843564,-1.031061199,0,30
300.4518666,-487.1698747,-1.03395791,0,30
300.6791348,-485.4828152,-1.036147182,0,30
300.8949171,-483.8822996,-1.038277403,0,30
301.1168416,-482.2346688,-1.040120989,0,30
301.3248408,-480.687513,-1.041938935,0,30
301.5491159,-479.0220426,-1.043622924,0,30
301.7391035,-477.6105576,-1.04528521,0,30
301.9765337,-476.0061667,-1.046709525,0,30
302.2090813,-474.3872326,-1.048440707,0,30
302.4290175,-472.8579468,-1.050269956,0,30
302.6336489,-471.4333678,-1.051942807,0,30
302.8472423,-469.9460972,-1.053583106,0,30
303.0382468,-468.6156761,-1.05481978,0,30
303.2633895,-467.0487312,-1.055709468,0,30
303.5581296,-464.9970572,-1.057532259,0,30
303.8444251,-463.0047211,-1.057677582,0,30
304.1838218,-460.6431904,-1.057127644,0,30
304.5687882,-457.9649721,-1.055965123,0,30
304.9024553,-455.3165088,-1.055806208,0,30
305.2000522,-452.9305944,-1.054554465,0,30
305.3987571,-450.5562908,-1.052641331,0,30
305.6181112,-448.2806816,-1.051357352,0,30
305.8193439,-445.9963999,-1.050363499,0,30
305.9677853,-443.8021558,-1.048386635,0,30
306.0512154,-441.7132012,-1.045209371,0,30
306.1560927,-439.6581342,-1.041561696,0,30
306.2502665,-437.3980327,-1.037744354,0,30
306.2800726,-435.2107736,-1.032322327,0,30
306.326753,-433.2066818,-1.026924464,0,30
306.3434193,-431.1280251,-1.021434577,0,30
306.3640062,-429.1050263,-1.01588314,0,30
306.2830434,-427.2045589,-1.010613042,0,30
306.2363492,-425.280938,-1.005264184,0,30
306.1453469,-423.3834987,-1.00046158,0,30
306.0220674,-421.5048339,-0.9957323,0,30
305.7690026,-419.6518035,-0.990853128,0,30
305.554669,-417.8107053,-0.986122338,0,30
305.2736125,-416.075126,-0.981592867,0,30
304.9707713,-414.2736921,-0.976657102,0,30
304.5987194,-412.4973723,-0.971752089,0,30
304.2270265,-410.7361982,-0.966498757,0,30
303.858426,-408.9846977,-0.961074579,0,30
303.4254323,-407.1804419,-0.954487825,0,30
302.9988443,-405.4696909,-0.948085228,0,30
302.5501326,-403.8613598,-0.941508674,0,30
302.0716959,-402.2732292,-0.934686705,0,30
301.5841666,-400.6202073,-0.927615412,0,30
301.0971704,-398.9762572,-0.92041889,0,30
300.5807085,-397.4364653,-0.913110099,0,30
300.0474696,-395.759301,-0.905054598,0,30
299.4848833,-394.1868158,-0.884368287,0,30
298.8891753,-392.6603283,-0.888746502,0,30
298.2769765,-391.1344943,-0.881988366,0,30
297.7368541,-389.7626248,-0.877098106,0,30
297.0503016,-388.1492387,-0.866710623,0,30
296.1743775,-386.060634,-0.848131081,0,30
295.1828956,-384.076185,-0.821311057,0,30
294.1658955,-382.1341371,-0.788052061,0,30
293.1801394,-380.4085034,-0.75622842,0,30
292.1997867,-378.7936455,-0.725754062,0,30
291.2251375,-377.283002,-0.69711983,0,30
290.2276914,-375.9821135,-0.67006967,0,30
289.0802824,-374.8173252,-0.641877227,0,30
288.0054375,-373.5994253,-0.615488545,0,30
286.9402077,-372.5567235,-0.591194598,0,30
285.9496698,-371.6191615,-0.570231861,0,30
284.8471009,-370.8016906,-0.549370898,0,30
283.6868357,-370.1694971,-0.530574687,0,30
282.6492977,-369.5659203,-0.515451648,0,30
281.5116268,-369.0048392,-0.501102162,0,30
280.3455717,-368.6285534,-0.488711995,0,30
279.2670386,-368.3136161,-0.477192846,0,30
278.2263209,-368.0177776,-0.463897299,0,30
277.1924209,-367.8601119,-0.450476138,0,30
276.2113158,-367.6263303,-0.43110583,0,30
275.221643,-367.4234017,-0.409723887,0,30
274.2208085,-367.2691027,-0.385703469,0,30
273.2231233,-367.1035349,-0.357704028,0,30
272.2228353,-366.9567509,-0.329560761,0,30
271.1737051,-366.8308591,-0.299147933,0,30
270.2186618,-366.7054659,-0.271510487,0,30
269.1647891,-366.6486517,-0.24325237,0,30
268.183636,-366.5562512,-0.216950759,0,30
267.1373478,-366.4621645,-0.188713143,0,30
265.9075011,-366.3771639,-0.157867015,0,30
264.3688745,-366.2501114,-0.119752626,0,30
262.6462035,-366.1532671,-0.079533799,0,30
260.9318242,-366.0506928,-0.042586431,0,30
259.2822581,-365.9517252,-0.010194489,0,30
257.8183969,-365.8639916,0.016077502,0,30
256.3468872,-365.7852903,0.040353738,0,30
254.8699368,-365.7430554,0.063777673,0,30
253.4784895,-365.6983456,0.084516761,0,30
252.0617692,-365.6744544,0.10603092,0,30
250.5332964,-365.6523558,0.127263899,0,30
249.0295097,-365.6852377,0.14739626,0,30
247.4807838,-365.7109885,0.16707492,0,30
245.8851456,-365.7318505,0.187123767,0,30
244.0877461,-365.7555067,0.209211811,0,30
242.3077219,-365.7822421,0.230479186,0,30
240.4750158,-365.8361867,0.251195619,0,30
238.6675455,-365.9593735,0.267413005,0,30
236.7205279,-366.0787423,0.285161626,0,30
234.793682,-366.1955053,0.303332849,0,30
232.8218355,-366.3694618,0.319942102,0,30
231.0172649,-366.5248203,0.328799304,0,30
229.158964,-366.6585931,0.334097075,0,30
227.3948239,-366.7913694,0.338388575,0,30
225.5957989,-366.9265341,0.342270362,0,30
223.9118202,-367.053157,0.346233334,0,30
221.4127173,-367.2074336,0.352007017,0,30
218.622312,-367.3893531,0.35843827,0,30
215.9749184,-367.5126575,0.365794057,0,30
213.4756991,-367.6305423,0.372541864,0,30
211.1183134,-367.6990829,0.380959122,0,30
208.8835965,-367.7745028,0.387400095,0,30
206.7604035,-367.8462966,0.394173654,0,30
204.6486926,-367.9177305,0.400706307,0,30
202.724862,-367.9745285,0.406689196,0,30
200.8911125,-367.9647183,0.413539058,0,30
199.1352472,-367.9794477,0.419797799,0,30
197.3459192,-367.994471,0.425541255,0,30
195.698685,-368.0082663,0.428273827,0,30
194.0768521,-368.0219428,0.431470246,0,30
192.4101992,-368.0359689,0.431893462,0,30
190.6817497,-368.0506271,0.435683332,0,30
189.029656,-368.0114737,0.441254573,0,30
187.3708489,-367.9933893,0.447810345,0,30
185.8460544,-367.9766029,0.455022611,0,30
184.3125312,-367.9594977,0.462957428,0,30
182.9003816,-367.9436741,0.471420838,0,30
181.5386626,-367.9282815,0.479401942,0,30
180.2239483,-367.914115,0.489139459,0,30
178.9480647,-367.9002498,0.498114686,0,30
177.6881181,-367.8863072,0.508495651,0,30
176.4171219,-367.8221106,0.519820022,0,30
175.2440903,-367.7476691,0.531267452,0,30
174.0619341,-367.6406359,0.543492254,0,30
172.9923542,-367.4211487,0.556333019,0,30
171.9168672,-367.1855525,0.569424548,0,30
170.9064628,-367.0077855,0.581623179,0,30
169.8441092,-366.814371,0.594747205,0,30
168.8640192,-366.5617305,0.607491768,0,30
167.8627449,-366.1944242,0.621372125,0,30
166.8492562,-365.9060232,0.635134239,0,30
165.83789,-365.5621688,0.64928984,0,30
164.7431495,-365.1931783,0.664579677,0,30
163.679707,-364.7199537,0.680080113,0,30
162.7708733,-364.15286,0.694702726,0,30
161.8469381,-363.6666925,0.708594095,0,30
160.9026476,-363.1188955,0.723218291,0,30
160.0822137,-362.4890258,0.736948611,0,30
159.3526716,-361.7977142,0.750304482,0,30
158.6227726,-361.1553074,0.762862538,0,30
157.9171222,-360.4690541,0.775441288,0,30
157.3790474,-359.7863394,0.785804344,0,30
156.8844592,-359.0520965,0.795894941,0,30
156.4084563,-358.3365437,0.805676229,0,30
155.9500829,-357.6372,0.814612174,0,30
155.5828059,-356.8739127,0.823022475,0,30
155.2902058,-356.1389231,0.830445192,0,30
155.0430236,-355.3693656,0.837658234,0,30
154.8598949,-354.6351588,0.843993368,0,30
154.7219442,-353.873007,0.850131582,0,30
154.6039527,-353.2545439,0.855144727,0,30
154.4029323,-352.4848009,0.862002595,0,30
154.1611794,-351.558644,0.86984262,0,30
153.8605591,-350.1331966,0.881550554,0,30
153.5275831,-348.5714038,0.894547785,0,30
153.2669394,-347.0621898,0.906288793,0,30
152.9887308,-345.614953,0.918818868,0,20
152.721227,-344.2225771,0.931478536,0,20
152.4633737,-342.8798328,0.944508107,0,20
152.2118379,-341.569473,0.957433691,0,20
151.9549261,-340.2308887,0.971178765,0,20
151.7137969,-338.9745631,0.9839706,0,20
151.4663534,-337.6854866,0.996430398,0,20
151.2358631,-336.4846014,1.007540895,0,20
150.9960205,-335.3277816,1.017443491,0,20
150.7690945,-334.1885043,1.026326954,0,20
150.5257035,-333.0682282,1.03454405,0,20
150.2862992,-331.9815683,1.042329105,0,20
150.0511375,-330.8843204,1.049597762,0,20
149.7864038,-329.7464906,1.057211508,0,20
149.4880705,-328.6035501,1.064832526,0,25
149.2197582,-327.5915314,1.071844593,0,25
148.915832,-326.5386044,1.079351394,0,25
148.5788948,-325.440273,1.086919986,0,25
148.2044355,-324.4028627,1.094671745,0,25
147.8108469,-323.3175411,1.102677483,0,25
147.3769599,-322.3036189,1.110204441,0,25
146.9497657,-321.292471,1.117950498,0,25
146.496187,-320.28931,1.125925928,0,25
146.0231349,-319.2927906,1.133790295,0,25
145.514657,-318.2547844,1.142655612,0,25
144.9913602,-317.2217805,1.15123685,0,25
144.4503668,-316.2518515,1.15969641,0,25
143.9047827,-315.283257,1.167600775,0,25
143.3317964,-314.3274033,1.175135382,0,25
142.7612761,-313.4259433,1.181992813,0,25
142.1565443,-312.4838006,1.188523806,0,25
141.5008787,-311.5715077,1.194877602,0,25
140.8714523,-310.639656,1.200299598,0,25
140.1736778,-309.6891163,1.205938619,0,25
139.5828637,-308.8474117,1.210442799,0,25
138.8843767,-307.9516659,1.214964646,0,25
138.1730691,-306.998568,1.217921972,0,25
137.4917258,-306.1472973,1.22222632,0,25
136.7394388,-305.2166851,1.224418171,0,25
136.0250866,-304.3840602,1.225789389,0,25
135.2762246,-303.5099259,1.2277525,0,25
134.4821252,-302.6706968,1.229021136,0,25
133.6541403,-301.788376,1.229827876,0,25
132.734212,-300.9976511,1.231438296,0,25
131.813438,-300.2987204,1.232209708,0,25
130.9131948,-299.5766104,1.234083786,0,25
130.0113717,-298.8536016,1.236651531,0,25
129.0284204,-298.1426911,1.237498993,0,25
128.0519137,-297.420723,1.239639319,0,25
127.0821415,-296.7752274,1.241827211,0,25
126.0519271,-296.1219186,1.243208684,0,25
125.0590068,-295.505808,1.245017096,0,25
123.9772055,-294.9301828,1.247115062,0,25
122.9020542,-294.3551945,1.249418626,0,25
121.8510949,-293.8429981,1.251720982,0,25
120.7863643,-293.3561148,1.253825998,0,25
119.674049,-292.8429971,1.256218761,0,25
118.5849453,-292.4002341,1.258435728,0,25
117.4939815,-291.9607828,1.260646158,0,25
116.3200613,-291.5830245,1.263015037,0,25
115.1427719,-291.2494132,1.265587234,0,25
113.9436232,-291.0015856,1.267931312,0,25
112.8587442,-290.77177,1.270256814,0,25
111.6732976,-290.4924312,1.272443093,0,30
110.52496,-290.2719647,1.274433171,0,30
109.3796035,-290.0313132,1.275891516,0,30
108.2265419,-289.8063185,1.277042696,0,30
107.0716206,-289.584605,1.278009003,0,30
105.86079,-289.3462027,1.278658016,0,30
104.641092,-289.1308657,1.278873396,0,30
103.4700897,-288.9403684,1.27905777,0,30
102.2909264,-288.7902831,1.279148907,0,30
101.1136488,-288.6124628,1.278938257,0,30
100.0398516,-288.4505474,1.278697628,0,30
98.80049132,-288.2639535,1.278286926,0,30
97.55680033,-288.0768342,1.277697731,0,30
96.36317322,-287.8973477,1.277129838,0,30
95.11131036,-287.7090596,1.276536995,0,30
93.9101227,-287.5283178,1.276000988,0,30
92.65063642,-287.3389875,1.275554915,0,30
91.497316,-287.1657071,1.27521244,0,30
90.22766604,-287.0082236,1.275054504,0,30
88.95868505,-286.8367634,1.274652076,0,30
87.68604082,-286.6652719,1.274395595,0,30
86.52116316,-286.508287,1.274094541,0,30
85.29755245,-286.3435341,1.27387261,0,30
84.07095374,-286.1783283,1.273552507,0,30
82.78531827,-286.0051688,1.273247593,0,30
81.55280382,-285.8391492,1.272915429,0,30
80.31742295,-285.6727387,1.272605489,0,30
79.02306613,-285.4984056,1.27225419,0,30
77.78244008,-285.3313092,1.271897831,0,30
76.53937473,-285.1638561,1.271538648,0,30
75.23509139,-285.0293399,1.271170596,0,30
73.93189215,-284.8751416,1.270799094,0,30
72.62619177,-284.7206777,1.270396366,0,30
71.31805157,-284.5659181,1.269978865,0,30
70.00573908,-284.449254,1.269648841,0,30
68.69473273,-284.3155046,1.269205808,0,30
67.43838576,-284.187504,1.268831049,0,30
66.17984292,-284.0592404,1.268377875,0,30
64.91916475,-283.9307753,1.267949511,0,30
63.59894547,-283.7962145,1.267485763,0,30
62.3339969,-283.6673161,1.26721645,0,30
61.06715721,-283.5382183,1.267054676,0,30
59.79854852,-283.4089223,1.267139437,0,30
58.47052005,-283.2736231,1.267600025,0,30
57.19867783,-283.1440247,1.268267955,0,30
55.92549373,-283.0142622,1.269201963,0,30
54.65090616,-282.8843961,1.270247548,0,30
53.3750375,-282.7543969,1.271426886,0,30
52.04005459,-282.6183667,1.272517069,0,30
50.76751675,-282.4629956,1.273599704,0,30
49.55327493,-282.3165183,1.274343873,0,30
48.27929032,-282.1661111,1.275125389,0,30
47.01023516,-281.9890329,1.275878467,0,30
45.68384336,-281.8051146,1.276481797,0,30
44.4708547,-281.6406052,1.277070801,0,30
43.15597185,-281.4031757,1.277689712,0,30
41.83390131,-281.1923064,1.278306503,0,30
40.58185752,-280.9394472,1.278890328,0,30
39.27265947,-280.6726972,1.279424794,0,30
38.02480753,-280.4008846,1.279868001,0,30
36.78420459,-280.1096258,1.280315822,0,30
35.48590677,-279.8105773,1.281005806,0,30
34.25996515,-279.4756037,1.281279472,0,30
33.03821748,-279.1285763,1.281648759,0,30
31.81735587,-278.7778929,1.281986001,0,30
30.61823003,-278.3701834,1.282035465,0,30
29.42944661,-277.9382915,1.28231886,0,30
28.24592505,-277.4908441,1.282582633,0,30
27.03727994,-276.9609971,1.282430947,0,30
25.83232808,-276.4240989,1.282766131,0,30
24.71774808,-275.8437361,1.282765691,0,30
23.62896737,-275.2274165,1.282859688,0,30
22.5188031,-274.6411993,1.28287139,0,30
21.38845623,-273.9802875,1.282628878,0,30
20.3015241,-273.3548555,1.282631198,0,30
19.22323059,-272.7152706,1.282223295,0,30
18.17584509,-272.0313772,1.281755202,0,30
17.07441908,-271.3229037,1.281350283,0,30
16.06069761,-270.5901457,1.280402316,0,30
15.04751024,-269.8556216,1.279532615,0,30
13.99136969,-269.0816223,1.278280342,0,30
13.0310651,-268.2820953,1.276333214,0,30
12.02663009,-267.4450981,1.274576328,0,30
11.11499843,-266.5944841,1.272299353,0,30
10.23645681,-265.7157302,1.270159872,0,30
9.354060426,-264.8379203,1.267551383,0,30
8.472218724,-263.880922,1.264591885,0,30
7.652814816,-262.9447289,1.261591607,0,30
6.840817486,-261.9385037,1.258155275,0,30
6.141262878,-260.9926191,1.25500673,0,30
5.437724601,-259.9913203,1.251326177,0,30
4.773825075,-258.9636471,1.247798306,0,30
4.077128515,-257.9512635,1.243913882,0,30
3.431511054,-256.9063143,1.240248659,0,30
2.789350978,-255.8569069,1.236551431,0,30
2.162522781,-254.7317651,1.232755189,0,30
1.560349517,-253.6545514,1.229113885,0,30
1.002781788,-252.5520743,1.225562032,0,30
0.442503935,-251.4487803,1.222132995,0,30
-0.130644096,-250.2867906,1.218678847,0,30
-0.601554333,-249.143229,1.215884144,0,30
-1.030993667,-247.9946793,1.213249618,0,30
-1.464269233,-246.8449061,1.210695012,0,30
-1.899145251,-245.6930738,1.208248252,0,30
-2.291329025,-244.5255174,1.205871252,0,30
-2.692642481,-243.3581272,1.203603677,0,30
-3.067853736,-242.1229103,1.201292919,0,30
-3.443475916,-240.9429175,1.199143124,0,30
-3.770838702,-239.7495072,1.196954759,0,30
-4.116776039,-238.5575869,1.194906517,0,30
-4.418076005,-237.3545385,1.192942401,0,30
-4.719118201,-236.0927539,1.191153315,0,30
-4.99237893,-234.8238492,1.189680393,0,30
-5.200699146,-233.6579864,1.188401602,0,30
-5.462976387,-232.3827644,1.18723335,0,30
-5.714192894,-231.1600558,1.186064842,0,30
-5.932605058,-229.9319186,1.185103502,0,30
-6.154761336,-228.7596485,1.184361871,0,30
-6.39807108,-227.4726823,1.183519194,0,30
-6.63133453,-226.239045,1.182803108,0,30
-6.865126592,-225.0029608,1.182135498,0,30
-7.099355163,-223.7643695,1.181562617,0,30
-7.333960495,-222.5234243,1.180962149,0,30
-7.569156536,-221.2801537,1.180454733,0,30
-7.804731164,-220.0347429,1.179800036,0,30
-8.002869417,-218.7848894,1.179186293,0,30
-8.217648839,-217.5353517,1.178517669,0,30
-8.422850832,-216.3404211,1.177664796,0,30
-8.638081372,-215.0865138,1.17670996,0,30
-8.84389077,-213.8876398,1.175749458,0,30
-9.069680037,-212.5724921,1.174770883,0,30
-9.285928139,-211.3126229,1.173854103,0,30
-9.512355338,-209.9935314,1.173068707,0,30
-9.729243723,-208.7299932,1.172377302,0,30
-9.9463925,-207.4647737,1.171809911,0,30
-10.17378195,-206.1403925,1.171328084,0,30
-10.39136201,-204.8720553,1.17096578,0,30
-10.60954062,-203.6023086,1.170810921,0,30
-10.82770721,-202.3311577,1.170552134,0,30
-11.03083544,-201.0579067,1.170651283,0,30
-11.22390697,-199.7260339,1.171097974,0,30
-11.42949537,-198.3941456,1.171560571,0,30
-11.62613541,-197.1190267,1.17229103,0,30
-11.83212954,-195.784601,1.17195492,0,30
-12.0294203,-194.5070342,1.171717415,0,30
-12.22666957,-193.2281855,1.170609697,0,30
-12.43333032,-191.8896021,1.169181396,0,30
-12.6311956,-190.6078173,1.167780685,0,30
-12.83807604,-189.2663622,1.166623939,0,30
-13.01802636,-187.9816776,1.165828394,0,30
-13.2122057,-186.6401175,1.165248323,0,30
-13.36794101,-185.3548156,1.165159455,0,30
-13.51170656,-184.0692496,1.165102066,0,30
-13.66581871,-182.783351,1.165150498,0,30
-13.78319244,-181.4389364,1.165431918,0,30
-13.88198664,-180.1531748,1.165956288,0,30
-13.96917795,-178.867207,1.166338091,0,30
-14.06832908,-177.5803433,1.166869361,0,30
-14.1355468,-176.2935082,1.167154151,0,30
-14.21628046,-174.9485214,1.167557789,0,30
-14.29746132,-173.6022791,1.167710836,0,30
-14.37510207,-172.31334,1.1677345,0,30
-14.45626102,-170.9645335,1.16775712,0,30
-14.53388141,-169.6732133,1.167773634,0,30
-14.611644,-168.3806707,1.167784911,0,30
-14.68991616,-167.0870247,1.167790468,0,30
-14.7681784,-165.7922187,1.167807237,0,30
-14.84560831,-164.4964734,1.167854284,0,30
-14.87615124,-163.2621569,1.167989961,0,30
-14.92912217,-162.0265496,1.168085085,0,30
-14.98703146,-160.6722022,1.168170559,0,30
-15.04244378,-159.3757598,1.168266222,0,30
-15.10036584,-158.0193363,1.168359528,0,30
-15.11534335,-156.7248269,1.168573906,0,30
-15.14933165,-155.4292697,1.168772266,0,30
-15.18324976,-154.1326446,1.168917458,0,30
-15.21715926,-152.8350121,1.169077192,0,30
-15.2525706,-151.4773461,1.169272421,0,30
-15.28492321,-150.2368777,1.169402133,0,30
-15.32034889,-148.8773188,1.169596136,0,30
-15.355767,-147.5168746,1.16976078,0,30
-15.38963813,-146.2147546,1.169924991,0,30
-15.42353248,-144.9117796,1.170106833,0,30
-15.45892919,-143.5488322,1.170268064,0,30
-15.4927797,-142.2443006,1.170416017,0,30
-15.5250848,-140.9982763,1.170590066,0,30
-15.56046011,-139.6328257,1.17077507,0,30
-15.5942913,-138.326035,1.170945156,0,30
-15.58497574,-136.9646299,1.171291017,0,30
-15.59669803,-135.6607453,1.171515146,0,30
-15.60838325,-134.3560978,1.171725911,0,30
-15.62006196,-133.0506872,1.171983154,0,30
-15.6317344,-131.7445438,1.172224408,0,30
-15.64340083,-130.4376984,1.172453727,0,30
-15.65429861,-129.1302184,1.172731431,0,30
-15.62363129,-127.8281616,1.173064885,0,30
-15.61434779,-126.5240902,1.17334537,0,30
-15.60521041,-125.2192543,1.173629179,0,30
-15.59565138,-123.8543709,1.173954421,0,30
-15.5864712,-122.5481005,1.174256068,0,30
-15.5773158,-121.2411583,1.174575819,0,30
-15.56773825,-119.8741074,1.174914792,0,30
-15.55857162,-118.5658525,1.175221381,0,30
-15.54939978,-117.2569871,1.175516984,0,30
-15.53980604,-115.8880436,1.175840116,0,30
-15.53062479,-114.5780792,1.176138286,0,30
-15.52102165,-113.2080367,1.176455139,0,30
-15.51144434,-111.8374445,1.176774329,0,30
-15.50225056,-110.5260147,1.177078604,0,30
-15.49343928,-109.2736254,1.17734631,0,30
-15.48381865,-107.9015376,1.177672784,0,30
-15.47461208,-106.5886121,1.17796316,0,30
-15.46456485,-105.1558967,1.178296018,0,30
-15.45535175,-103.842208,1.178591325,0,30
-15.44568545,-102.4683499,1.178910697,0,30
-15.43643399,-101.1537456,1.179187342,0,30
-15.42720966,-99.83874426,1.179498293,0,30
-15.41756214,-98.46351218,1.179832795,0,30
-15.40791147,-97.08791377,1.180120751,0,30
-15.39867723,-95.77175235,1.180423488,0,30
-15.38940958,-94.4552554,1.180719759,0,30
-15.37974873,-93.07846644,1.18102284,0,30
-15.37050586,-91.76129763,1.181312126,0,30
-15.3612596,-90.44373197,1.181605198,0,30
-15.35200969,-89.12573892,1.181919461,0,30
-15.3423363,-87.74748466,1.182234283,0,30
-15.33350175,-86.4888065,1.182496875,0,30
-15.32424322,-85.16980607,1.182792927,0,30
-15.31498181,-83.85046984,1.183087756,0,30
-15.30571779,-82.53082833,1.183407112,0,30
-15.29600004,-81.15095639,1.183696444,0,30
-15.28634073,-79.77077866,1.184015047,0,30
-15.27707043,-78.45040451,1.184299709,0,30
-15.26734641,-77.06979992,1.184613202,0,30
-15.25768161,-75.68898112,1.184911376,0,30
-15.24795445,-74.3080102,1.18522761,0,30
-15.23822598,-72.92688666,1.185536871,0,30
-15.22894811,-71.60562722,1.185800573,0,30
-15.2192773,-70.22410629,1.186127848,0,30
-15.20993523,-68.90248105,1.186402199,0,30
-15.20026076,-67.52053275,1.186720547,0,30
-15.19097635,-66.19851013,1.186990524,0,30
-15.18168986,-64.8762433,1.187281211,0,30
-15.1719491,-63.49368497,1.187584146,0,30
-15.16272079,-62.17108182,1.187893586,0,30
-15.15342958,-60.8482655,1.188169373,0,30
-15.14413681,-59.52526602,1.188459432,0,30
-15.13439031,-58.1420361,1.188758349,0,30
-15.1255484,-56.87893125,1.189039917,0,30
-15.11579901,-55.49536554,1.189337309,0,30
-15.1061099,-54.11170772,1.189658243,0,30
-15.09675084,-52.78809821,1.189914242,0,30
-15.0874518,-51.46436608,1.190206921,0,30
-15.07769875,-50.08037298,1.190516012,0,30
-15.06839682,-48.75630505,1.190788102,0,30
-15.05903384,-47.43223764,1.191096636,0,30
-15.04979375,-46.11540463,1.191355488,0,30
-15.04025882,-44.75693216,1.191635818,0,30
-15.02955315,-43.26862858,1.191922227,0,30
-15.01501487,-41.23904269,1.192097629,0,30
-15.00140493,-39.33235984,1.192302616,0,30
-14.98852529,-37.51112227,1.192936395,0,30
-14.95477792,-35.77014141,1.19333584,0,30
-14.9246082,-34.02626023,1.193902899,0,30
-14.89516018,-32.31680992,1.194304795,0,30
-14.86741384,-30.72073091,1.194770769,0,30
-14.8396602,-29.13094099,1.195396056,0,30
-14.80867589,-27.34890513,1.195584521,0,30
-14.7792508,-25.64214121,1.195789347,0,30
-14.74053657,-23.41291713,1.195232502,0,30
-14.7018226,-21.17657974,1.196431806,0,30
-14.7063,-18.97864539,1.197170201,0,30
-14.69633678,-16.83426075,1.197397035,0,30
-14.68533953,-14.4403079,1.198067896,0,30
-14.67231231,-11.65168958,1.198961037,0,30
-14.6599773,-9.001210426,1.198311863,0,30
-14.64762454,-6.327223868,1.199245423,0,30
-14.63531221,-3.700832145,1.20012347,0,30
-14.62160811,-0.718724883,1.199506557,0,30
-14.60832017,2.114677701,1.200124256,0,30
-14.59521095,4.948600815,1.201387048,0,30
-14.582479,7.752669495,1.202196092,0,30
-14.56945586,10.56937482,1.203305719,0,30
-14.55615586,13.46847636,1.203372751,0,30
-14.54222781,16.43391271,1.203076374,0,30
-14.52851788,19.38811615,1.204161952,0,30
-14.51637869,22.00852561,1.204967415,0,30
-14.50484901,24.49332912,1.205321948,0,30
-14.49320763,27.03406136,1.205862193,0,30
-14.48182718,29.48354375,1.206533215,0,30
-14.47067997,31.94145422,1.206978422,0,30
-14.45965801,34.33113276,1.206956224,0,30
-14.44931287,36.59161709,1.207882064,0,30
-14.43779148,39.08615952,1.208932268,0,30
-14.42164282,42.61142325,1.20859567,0,30
-14.40088937,46.91117602,1.207686891,0,30
-14.37451932,51.81447564,1.209169537,0,30
-14.35027054,56.31956917,1.209732832,0,30
-14.32789101,60.46666154,1.210888102,0,30
-14.30816349,64.13559612,1.211914369,0,30
-14.2898486,67.54995891,1.212656079,0,30
-14.27273134,70.73133231,1.213704437,0,30
-14.25558955,73.89414368,1.214303194,0,30
-14.23908021,76.97581357,1.215145737,0,30
-14.22408111,79.75220334,1.21560009,0,30
-14.20978545,82.43557633,1.216101642,0,30
-14.19606382,84.98392313,1.216746679,0,30
-14.18281185,87.4773212,1.217404563,0,30
-14.16773493,90.30209925,1.217736345,0,30
-14.11034705,92.75866808,1.217906882,0,30
-14.05830789,95.3395369,1.218636311,0,30
-14.00791877,97.8380823,1.21919191,0,30
-13.9626619,100.0790653,1.21929114,0,30
-13.91390455,102.4938522,1.219242786,0,30
-13.86760191,104.7821772,1.219075907,0,30
-13.85195468,107.1700455,1.218862832,0,30
-13.83365135,109.4543357,1.218820403,0,30
-13.81566634,111.7156707,1.219294447,0,30
-13.79008526,114.9692956,1.218377036,0,30
-13.76337699,118.3226502,1.219077592,0,30
-13.73396239,122.0104912,1.220451857,0,30
-13.70683869,125.4231607,1.224755283,0,30
-13.67967427,128.8334487,1.229212852,0,30
-13.65276345,132.22478,1.2338571,0,30
-13.62827193,135.2580539,1.237527494,0,30
-13.60625397,137.9804995,1.240186093,0,30
-13.58411284,140.7280697,1.241929828,0,30
-13.56563927,143.0215478,1.242947072,0,30
-13.54471299,145.6269839,1.243821893,0,30
-13.51855562,148.9087214,1.242699082,0,30
-13.49145056,152.315621,1.242978492,0,30
-13.46325584,155.8607174,1.242357196,0,30
-13.43668719,159.2155691,1.242132074,0,30
-13.41300282,162.2186868,1.242342119,0,30
-13.38886025,165.2396908,1.242240576,0,30
-13.36532095,168.1579689,1.242516537,0,30
-13.34336181,170.8806592,1.242865793,0,30
-13.31992945,173.793565,1.242799567,0,30
-13.29464605,176.9694648,1.241445584,0,30
-13.26300955,180.9172134,1.241404938,0,30
-13.23242562,184.7418156,1.240264162,0,30
-13.20385603,188.3164612,1.240401881,0,30
-13.17672938,191.6544255,1.241009162,0,30
-13.15140155,194.785508,1.241418845,0,30
-13.12860941,197.6056407,1.241597038,0,30
-13.10624308,200.386669,1.241559921,0,30
-13.08515947,203.0176262,1.241352331,0,30
-13.06565943,205.4525989,1.240951379,0,30
-13.04698626,207.7944031,1.24082648,0,30
-13.06557391,210.0165763,1.240516958,0,30
-13.07556858,212.2225565,1.24053242,0,30
-13.08473676,214.2323483,1.240969293,0,30
-13.09417575,216.2533162,1.241591831,0,30
-13.1030444,218.2159989,1.242653704,0,30
-13.11172262,220.0938084,1.243498087,0,30
-13.12024064,221.9332106,1.244169209,0,30
-13.12834384,223.7032773,1.244647928,0,30
-13.13616371,225.4171982,1.245057334,0,30
-13.14449074,227.2360831,1.245488994,0,30
-13.15405176,229.3320626,1.24582837,0,30
-13.16320266,231.3331534,1.245534646,0,30
-13.17190326,233.2440568,1.245662741,0,30
-13.18057726,235.1044951,1.245883203,0,30
-13.18917142,236.9814186,1.245958978,0,30
-13.19703559,238.7115814,1.246121248,0,30
-13.20548205,240.5986393,1.246530316,0,30
-13.21405687,242.4813936,1.245302484,0,30
-13.22376448,244.5673607,1.245860858,0,30
-13.23529982,247.1145496,1.246286206,0,30
-13.25122899,250.6228079,1.245240314,0,30
-13.26790748,254.1434065,1.246441472,0,30
-13.34997769,257.4249396,1.24817427,0,30
-13.51463548,260.4950611,1.249021935,0,30
-13.73935662,263.2458707,1.246094881,0,30
-14.01344246,265.8325188,1.241377138,0,30
-14.4061628,268.3694411,1.234227102,0,30
-14.74696055,270.7733002,1.225539962,0,30
-15.11253805,272.9497447,1.218503348,0,30
-15.46731216,275.0185727,1.212333963,0,30
-15.92456019,277.0567704,1.206716664,0,30
-16.36910332,278.9097909,1.201601314,0,30
-16.87503771,280.7453239,1.197418696,0,30
-17.33537669,282.5076242,1.194234759,0,30
-17.7653259,284.1535925,1.191338586,0,30
-18.25945398,285.7916831,1.18753447,0,30
-18.71065999,287.3223712,1.183032251,0,30
-19.25642637,288.844617,1.177766077,0,30
-19.78610892,290.3055447,1.171782555,0,30
-20.27309384,291.5935252,1.165505357,0,30
-20.88438285,293.0149737,1.157534976,0,30
-21.49852689,294.252416,1.149130455,0,30
-22.18553305,295.494755,1.13893487,0,30
-22.88113851,296.6311088,1.128042453,0,30
-23.64785483,297.7700852,1.115751045,0,30
-24.41284186,298.8077812,1.103495101,0,30
-25.2366611,299.8309291,1.09078266,0,30
-26.05289714,300.7626074,1.078457799,0,30
-26.8918829,301.6972278,1.066061654,0,30
-27.66396481,302.5977858,1.054516298,0,30
-28.52014066,303.596451,1.041880861,0,30
-29.53418053,304.7383351,1.02730423,0,30
-30.54272766,305.8120614,1.013200338,0,30
-31.53306347,306.8340681,1.000142011,0,30
-32.50726378,307.8043729,0.988027227,0,30
-33.49316411,308.6988209,0.976692056,0,30
-34.46565602,309.5439716,0.965857374,0,30
-35.40461879,310.3650534,0.955549386,0,30
-36.36269939,311.1103722,0.945796689,0,30
-37.36142953,311.8289285,0.935766006,0,30
-38.34903742,312.49146,0.926357673,0,30
-39.35456033,313.0617936,0.916989308,0,30
-40.30385815,313.5523925,0.908796371,0,30
-41.28242127,314.0265726,0.900501594,0,30
-42.2894519,314.3562261,0.89315522,0,30
-43.24541931,314.720155,0.885559247,0,30
-44.19034275,315.0296168,0.878405528,0,30
-45.08253213,315.283095,0.871973394,0,30
-45.9889847,315.5287271,0.865771725,0,30
-46.89496455,315.690369,0.859947334,0,30
-47.73820423,315.8380112,0.854371691,0,30
-48.60937228,315.9542027,0.848963461,0,30
-49.42618756,316.0252043,0.844326081,0,30
-50.26097049,316.1192869,0.839378077,0,30
-51.04794383,316.2241651,0.834646651,0,30
-51.91241526,316.302321,0.829628531,0,30
-52.73166177,316.3424782,0.825040755,0,30
-53.53487508,316.3225388,0.820937603,0,30
-54.28934733,316.3187908,0.817098484,0,30
-55.03036216,316.2357653,0.813760557,0,30
-55.79030375,316.181477,0.810485916,0,30
-56.5647397,316.1387305,0.807073989,0,30
-57.32423775,316.0827593,0.804162722,0,30
-58.07460274,316.0023477,0.801865517,0,30
-58.84770754,315.9117505,0.799539671,0,30
-59.6171303,315.8304638,0.797537909,0,30
-60.36990827,315.7034852,0.795834831,0,30
-61.16912343,315.544115,0.794681903,0,30
-61.9553857,315.4035928,0.793251616,0,30
-62.75367359,315.2134106,0.792217559,0,30
-63.54717373,314.9511689,0.791641556,0,30
-64.40953145,314.740866,0.790356223,0,30
-65.24361224,314.4992121,0.789255234,0,30
-66.10059615,314.2746976,0.787813179,0,30
-67.00160641,313.9891041,0.786511001,0,30
-67.88311272,313.7315834,0.7849704,0,30
-68.82234913,313.4598715,0.783386708,0,30
-69.64416536,313.1958263,0.782095477,0,30
-70.60319691,312.8941207,0.780275057,0,30
-71.52497865,312.5786028,0.778826913,0,30
-72.50719252,312.2613728,0.777131611,0,30
-73.50324064,311.9400479,0.775312803,0,30
-74.50720129,311.6002289,0.773359813,0,30
-75.5185949,311.2515894,0.771661023,0,30
-76.54364167,310.9057531,0.769674579,0,30
-77.57368864,310.5428327,0.767958973,0,30
-78.57016938,310.1994694,0.766197696,0,30
-79.57635303,309.8531666,0.764688992,0,30
-80.63841378,309.4880164,0.763271041,0,30
-81.69842742,309.0909151,0.762283863,0,30
-82.77024485,308.7058211,0.761405302,0,30
-83.89752296,308.3005939,0.7606783,0,30
-84.98594296,307.9089865,0.76003402,0,30
-86.08228957,307.515096,0.759777561,0,30
-87.13795258,307.1358783,0.75948235,0,30
-88.29689303,306.7195343,0.759332741,0,30
-89.41414352,306.3177323,0.759311284,0,30
-90.48858722,305.9307679,0.759444949,0,30
-91.61783083,305.5241837,0.759605748,0,30
-92.75292389,305.1154514,0.75928795,0,30
-93.89351326,304.7048122,0.759149465,0,30
-95.03950632,304.2923874,0.758776865,0,30
-96.18166093,303.859353,0.757843839,0,30
-97.33178688,303.4348739,0.756388031,0,30
-98.53726639,302.9902911,0.754862712,0,30
-99.64728456,302.580978,0.752575317,0,30
-100.811077,302.1470295,0.750389117,0,30
-101.9215607,301.7189754,0.74858257,0,30
-103.0899027,301.2777997,0.74659286,0,30
-104.2116306,300.8539937,0.745293544,0,30
-105.3885176,300.4096246,0.744429772,0,30
-106.5694175,299.9636716,0.743735634,0,30
-107.7511831,299.5093001,0.743859763,0,30
-108.8720647,299.0487907,0.74429336,0,30
-110.0013915,298.6021222,0.744833102,0,30
-111.1263439,298.136824,0.745225146,0,30
-112.1469959,297.7086738,0.745314737,0,30
-113.2540492,297.1962074,0.745782292,0,30
-114.4214712,296.6823032,0.745556828,0,30
-115.592222,296.1664735,0.744778843,0,30
-116.7662829,295.6491456,0.744060452,0,30
-117.9436074,295.1303803,0.743164309,0,30
-119.0728346,294.632849,0.742277832,0,30
-120.2049887,294.1339995,0.741268218,0,30
-121.3402072,293.6338024,0.74034098,0,30
-122.5299882,293.1096177,0.739329995,0,30
-123.6800954,292.6373295,0.738094918,0,30
-124.8333945,292.1719987,0.737165826,0,30
-125.9987413,291.7383688,0.735934392,0,30
-127.1648975,291.3011127,0.734989802,0,30
-128.3970173,290.8829213,0.733841427,0,30
-129.5884841,290.5276085,0.732473305,0,30
-130.7786292,290.160836,0.731468361,0,30
-131.9802441,289.8344297,0.730183222,0,30
-133.1936333,289.5645727,0.728996706,0,30
-134.3522894,289.3011475,0.728002734,0,30
-135.5766258,289.0774222,0.726887447,0,30
-136.8044058,288.8794321,0.726207576,0,30
-138.0880545,288.7314381,0.725392618,0,30
-139.3158283,288.6395372,0.724551634,0,30
-140.5358928,288.6316482,0.723611045,0,30
-141.7560054,288.6234848,0.722195783,0,30
-142.9778787,288.6129247,0.720949395,0,30
-144.2559161,288.6570951,0.718896865,0,30
-145.5315081,288.7409023,0.716735165,0,30
-146.7367676,288.9078195,0.71424406,0,30
-148.0057973,289.0271677,0.711788335,0,30
-149.2128608,289.1937646,0.709249998,0,30
-150.4712361,289.3970079,0.707094077,0,30
-151.7294967,289.6190257,0.705005236,0,30
-152.9773566,289.8916943,0.70267304,0,30
-154.2266056,290.1661455,0.701107227,0,30
-155.4683369,290.4807701,0.699384773,0,30
-156.7606721,290.8255627,0.697526524,0,30
-157.8895431,291.1429777,0.695823851,0,30
-159.1035751,291.5568911,0.694100353,0,30
-160.2485712,291.9736641,0.692356862,0,30
-161.3777384,292.4296542,0.690417303,0,30
-162.5639912,292.8986492,0.688710304,0,30
-163.6799884,293.3953139,0.686824521,0,30
-164.8402306,293.9303351,0.685015224,0,30
-165.943267,294.4628525,0.683000207,0,30
-167.0510049,294.9918076,0.681175255,0,30
-168.1362679,295.5660288,0.679178443,0,30
-169.1998525,296.1780431,0.677259245,0,30
-170.2974091,296.8373324,0.675280911,0,30
-171.335474,297.486527,0.673388073,0,30
-172.4358575,298.149046,0.671604631,0,30
-173.4560847,298.8313956,0.669905623,0,30
-174.4991642,299.6636257,0.668016185,0,30
-175.5358792,300.4189592,0.666495414,0,30
-176.5754398,301.1771257,0.664863665,0,30
-177.5366361,301.9436895,0.663235941,0,30
-178.5159865,302.6936786,0.661980432,0,30
-179.5224288,303.5011416,0.660618184,0,30
-180.4757656,304.2871465,0.659257249,0,30
-181.4406034,305.0652206,0.658063139,0,30
-182.38995,305.8626704,0.65700265,0,30
-183.3285654,306.6744079,0.655910425,0,30
-184.2048964,307.4706231,0.655044857,0,30
-185.0589937,308.4374597,0.654348229,0,30
-185.908453,309.4040124,0.653492227,0,30
-186.7457314,310.3116006,0.65289514,0,30
-187.5447879,311.320891,0.65238277,0,30
-188.2236705,312.3385572,0.651789588,0,30
-188.9607528,313.3192309,0.651429085,0,30
-189.6670955,314.3870167,0.651137912,0,30
-190.3120951,315.4184368,0.650944645,0,30
-190.9640826,316.5091741,0.650851342,0,30
-191.5833747,317.5586615,0.650779063,0,30
-192.2102746,318.6681735,0.650779729,0,30
-192.686009,319.7829878,0.650984349,0,30
-193.239598,320.9811714,0.65098715,0,30
-193.7377835,322.085645,0.651216881,0,30
-194.2046109,323.204932,0.651357294,0,30
-194.6371095,324.2794138,0.651605115,0,30
-195.0815002,325.4109345,0.651785308,0,30
-195.497127,326.6109307,0.652086018,0,30
-195.9044542,327.8157713,0.652378729,0,30
-196.2212922,329.0438649,0.652530906,0,30
-196.5429862,330.2628108,0.652704375,0,30
-196.7346419,331.4476734,0.652903164,0,30
-196.9481455,332.6784863,0.653145023,0,30
-197.1442164,333.9147064,0.653289142,0,30
-197.3215503,335.1553458,0.653459704,0,30
-197.4611217,336.4028674,0.653579444,0,30
-197.5455352,337.6547411,0.653743565,0,30
-197.5488567,338.9001821,0.653860103,0,30
-197.5258433,340.1442379,0.654010307,0,30
-197.4710527,341.3789244,0.65405637,0,30
-197.4519713,342.6201441,0.654162729,0,30
-197.4233443,343.8101761,0.654312079,0,30
-197.3539191,345.0532857,0.654235118,0,30
-197.259186,346.2963011,0.654303183,0,30
-197.152329,347.4326045,0.654267294,0,30
-196.9929579,348.6175501,0.654322781,0,30
-196.8197232,349.8582459,0.654394479,0,30
-196.5674391,351.0267663,0.654366726,0,30
-196.3154196,352.3000656,0.65437025,0,30
-196.0607623,353.5194276,0.654479587,0,30
-195.7363422,354.6641903,0.65457352,0,30
-195.4088013,355.8008054,0.654412555,0,30
-195.0715381,356.9944273,0.654571644,0,30
-194.627841,358.1497715,0.654672113,0,30
-194.2089607,359.3108842,0.654534273,0,30
-193.8008651,360.4817974,0.6545988,0,30
-193.3303894,361.6287309,0.65467385,0,30
-192.8649075,362.7825456,0.654656562,0,30
-192.3697396,363.8644848,0.654704832,0,30
-191.8709528,364.948347,0.65480247,0,30
-191.2681302,366.0384027,0.654826826,0,30
-190.6425694,367.0455906,0.654662923,0,30
-190.061091,368.0851501,0.654613275,0,30
-189.4510756,369.1755717,0.65452935,0,30
-188.7960719,370.2395977,0.654486314,0,30
-188.1998186,371.2165069,0.654388092,0,30
-187.5533128,372.2274846,0.654368777,0,30
-186.8735433,373.2851321,0.654328518,0,30
-186.1987683,374.3513704,0.654323957,0,30
-185.5220555,375.4210726,0.654344867,0,30
-184.845001,376.4236073,0.654427207,0,30
-184.2110715,377.3937222,0.654444789,0,30
-183.5339477,378.3329385,0.654548923,0,30
-182.8328762,379.3272082,0.654608171,0,30
-182.1666312,380.2830645,0.654666818,0,30
-181.434984,381.3327583,0.654785623,0,30
-180.7652609,382.2937137,0.654875565,0,30
-180.004986,383.3263106,0.654849563,0,30
-179.2538884,384.3692438,0.655079675,0,30
-178.488971,385.4038771,0.655253793,0,30
-177.6574575,386.457724,0.6552407,0,30
-176.8881603,387.4189884,0.655289653,0,30
-176.0708925,388.4152567,0.655250174,0,30
-175.2483033,389.3304548,0.655239383,0,30
-174.3500823,390.3326255,0.655201362,0,30
-173.4323708,391.2344934,0.655125648,0,30
-172.4967775,392.1014662,0.654977564,0,30
-171.5439029,392.9507674,0.654741849,0,30
-170.5676803,393.8635531,0.654580537,0,30
-169.6372324,394.6589481,0.654468047,0,30
-168.6662134,395.4969205,0.654244669,0,30
-167.6989819,396.2489547,0.653953332,0,30
-166.748425,397.0289131,0.653910158,0,30
-165.7408381,397.8286555,0.653891907,0,30
-164.7285698,398.6242669,0.653722379,0,30
-163.6974849,399.3943172,0.653636693,0,30
-162.6742467,400.1803708,0.653707136,0,30
-161.6292666,400.9348544,0.653726334,0,30
-160.6364766,401.6714665,0.653779539,0,30
-159.6128202,402.360006,0.653786606,0,30
-158.5562256,403.1071243,0.653850146,0,30
-157.5431094,403.8233523,0.653876879,0,30
-156.4815866,404.5737868,0.653933496,0,30
-155.464001,405.2932127,0.653981933,0,30
-154.4442954,406.014208,0.654027811,0,30
-153.4225936,406.7365905,0.654046464,0,30
-152.3523626,407.4932396,0.654106392,0,30
-151.2334487,408.2842759,0.654161897,0,30
-150.2058971,409.0106383,0.654178109,0,30
-149.1765787,409.738329,0.654237779,0,30
-148.1454934,410.4673478,0.654281779,0,30
-147.0657411,411.2306929,0.654320852,0,30
-145.9842994,411.9952448,0.654359374,0,30
-144.9482385,412.7277625,0.654411307,0,30
-143.8635721,413.494546,0.654438251,0,30
-142.8245781,414.2291145,0.654501877,0,30
-141.7368255,414.9980087,0.654543468,0,30
-140.7423219,415.701146,0.654548162,0,30
-139.6516647,416.4723356,0.654621441,0,30
-138.6070966,417.2107642,0.654649217,0,30
-137.5137078,417.9836401,0.654699007,0,30
-136.4191338,418.7576659,0.654742507,0,30
-135.3233346,419.5321697,0.654772605,0,30
-134.2739893,420.2740989,0.654789767,0,30
-133.2234773,421.0168119,0.654826076,0,30
-132.1718616,421.7600651,0.654903358,0,30
-131.0713588,422.5383753,0.654928271,0,30
-129.9218867,423.350643,0.654992168,0,30
-128.8193103,424.1304621,0.655015488,0,30
-127.7637947,424.8763684,0.655044375,0,30
-126.707306,425.6236097,0.65510595,0,30
-125.6500389,426.3708444,0.655098019,0,30
-124.4956002,427.1873437,0.655177788,0,30
-123.3884055,427.9699319,0.655207352,0,30
-122.3285553,428.7193426,0.655232115,0,30
-121.2146829,429.493814,0.655381356,0,30
-120.1499192,430.2323142,0.655298645,0,30
-119.0369953,431.0065495,0.655362801,0,30
-117.9232825,431.7819992,0.655398347,0,30
-116.8571474,432.5237849,0.655432164,0,30
-115.7417625,433.3001972,0.655462343,0,30
-114.7226452,434.0095352,0.655517848,0,30
-113.6056361,434.7866664,0.655553651,0,30
-112.5364711,435.5311127,0.655583288,0,30
-111.4180637,436.309331,0.655625387,0,30
-110.3476434,437.054194,0.655648987,0,30
-109.2765137,437.7999058,0.655659401,0,30
-108.1560638,438.5795719,0.655700944,0,30
-107.0837251,439.3256397,0.655705681,0,30
-105.9621031,440.1067002,0.655740021,0,30
-104.8886108,440.8537962,0.655783496,0,30
-103.7170422,441.6688668,0.655808797,0,30
-102.6425826,442.4166261,0.65583988,0,30
-101.5187811,443.1990723,0.65587538,0,30
-100.3456436,444.0155338,0.655923889,0,30
-99.26978925,444.7639528,0.655969841,0,30
-98.1445636,445.5469364,0.655973091,0,30
-97.01893328,446.3308324,0.656067305,0,30
-95.89289136,447.1146638,0.656212611,0,30
-94.76643785,447.8984306,0.656363715,0,30
-93.59066247,448.716335,0.656610468,0,30
-92.51251978,449.466383,0.656820467,0,30
-91.33609029,450.2858083,0.657058163,0,30
-90.20834212,451.0710295,0.657246491,0,30
-89.08025868,451.8561867,0.657445022,0,30
-87.95183839,452.6414632,0.6576032,0,30
-86.82312915,453.426615,0.657788155,0,30
-85.69418938,454.2119481,0.658001175,0,30
-84.56482863,454.9983156,0.658181404,0,30
-83.38621972,455.8191266,0.658687934,0,30
-82.2565053,456.6057963,0.659147564,0,30
-81.12666982,457.392343,0.659832569,0,30
-79.99655961,458.1788873,0.660777038,0,30
-78.81724858,458.9996923,0.661808871,0,30
-77.68701522,459.7863576,0.663007595,0,30
-76.5077042,460.6071627,0.664496677,0,30
-75.37777663,461.3937696,0.665873369,0,30
-74.24815434,462.1803792,0.667689286,0,30
-73.21687157,462.8985889,0.669379174,0,30
-72.03829373,463.7193392,0.671448529,0,30
-70.95956245,464.4739616,0.673465966,0,30
-69.86023865,465.2947177,0.675595346,0,30
-68.81441441,466.178333,0.677554857,0,30
-67.82355871,467.1029611,0.679773218,0,30
-66.89034632,467.9092618,0.681721039,0,30
-65.8522952,468.8621229,0.68382222,0,30
-64.86096386,469.7745352,0.68580782,0,30
-63.94916155,470.6833532,0.687590192,0,30
-62.96536875,471.6817393,0.689151677,0,30
-62.07957106,472.6091581,0.690471721,0,30
-61.18311596,473.6047494,0.691574344,0,30
-60.28051005,474.5913124,0.692116536,0,30
-59.45907114,475.6469548,0.692511264,0,30
-58.68275985,476.7198352,0.692997585,0,30
-57.92724954,477.7343381,0.693339292,0,30
-57.13887008,478.8654263,0.693707552,0,30
-56.434532,479.9150479,0.694022267,0,30
-55.69473283,481.0773249,0.694268323,0,30
-55.0392944,482.1564895,0.694530382,0,30
-54.33975031,483.2738661,0.695218102,0,30
-53.73265083,484.3803097,0.695856729,0,30
-53.09158166,485.5963684,0.696792912,0,30
-52.61398738,486.7599708,0.697511884,0,30
-52.21953808,488.00769,0.698380594,0,30
-51.82670933,489.2479739,0.69913277,0,30
-51.61377639,490.4719663,0.6993844,0,30
-51.30971306,491.7210075,0.699498448,0,30
-51.09241345,492.9343995,0.699300307,0,30
-51.00038437,494.2146223,0.69867314,0,30
-50.84223417,495.4799312,0.697758559,0,30
-50.73009819,496.7516171,0.69706447,0,30
-50.62373526,497.9693765,0.69631708,0,30
-50.57256131,499.2487885,0.695568232,0,30
-50.49124832,500.4718299,0.694800194,0,30
-50.40601267,501.7537594,0.694224721,0,30
-50.3206236,503.0393511,0.693836452,0,30
-50.2389234,504.2719755,0.693518016,0,30
-50.15345056,505.5637944,0.693294444,0,30
-50.06758427,506.8587851,0.693363374,0,30
-49.98516836,508.1001348,0.693773422,0,30
-49.90267001,509.3439872,0.694424189,0,30
-49.81643007,510.6469735,0.69543656,0,30
-49.73389205,511.895466,0.696741508,0,30
-49.65078732,513.1459687,0.697941504,0,30
-49.56757586,514.3982411,0.699099031,0,30
-49.47671688,515.7665817,0.700238615,0,30
-49.39725638,516.9657651,0.700874673,0,30
-49.35347514,518.280349,0.701030427,0,30
-49.29158879,519.5379326,0.701144332,0,30
-49.22675194,520.854962,0.701218693,0,30
-49.16424956,522.1167533,0.701149357,0,30
-49.0988867,523.4381745,0.701135326,0,30
-49.03635038,524.7039343,0.701094117,0,30
-48.99924802,526.0300543,0.700770905,0,30
-48.95770806,527.2967263,0.700483849,0,30
-48.91529769,528.5652226,0.700162301,0,30
-48.87286957,529.8357948,0.69974341,0,30
-48.82849626,531.1660656,0.699337536,0,30
-48.78410678,532.4982291,0.698860295,0,30
-48.73969955,533.8324685,0.69847606,0,30
-48.69711825,535.1102443,0.69806636,0,30
-48.65225597,536.4477158,0.697577595,0,30
-48.6071333,537.787078,0.697231681,0,30
-48.56196548,539.1281494,0.696820371,0,30
-48.51675356,540.470808,0.696292893,0,30
-48.47352387,541.7565769,0.695958192,0,30
-48.4302827,543.043689,0.695537045,0,30
-48.38506163,544.3909879,0.695014421,0,30
-48.34176644,545.6808472,0.694635422,0,30
-48.29848977,546.9721109,0.694181415,0,30
-48.25520265,548.2645958,0.693664815,0,30
-48.2099367,549.6171454,0.69325507,0,30
-48.16462925,550.9709768,0.692747177,0,30
-48.12134186,552.2670641,0.692234456,0,30
-48.07601354,553.6233378,0.691787297,0,30
-48.03070581,554.9807717,0.691243546,0,30
-47.98735919,556.2802167,0.690735555,0,30
-47.94203476,557.6396044,0.690261636,0,30
-47.89663988,559.0000905,0.689678375,0,30
-47.85120508,560.3616753,0.689141573,0,30
-47.80557877,561.7242354,0.688593787,0,30
-47.79885229,563.0861511,0.68787429,0,30
-47.81688933,564.3868534,0.68691489,0,30
-47.85389653,565.6254993,0.685995886,0,30
-47.87599466,566.9832651,0.685131583,0,30
-47.89613108,568.224087,0.684310234,0,30
-47.91820728,569.5844171,0.683419279,0,30
-47.93931606,570.886489,0.682549242,0,30
-47.96137451,572.248895,0.681670167,0,30
-47.98243292,573.5532867,0.680795681,0,30
-48.00450415,574.9177687,0.679905714,0,30
-48.02650492,576.2833492,0.679036573,0,30
-48.04756985,577.5905497,0.678166012,0,30
-48.06862643,578.8987271,0.677299025,0,30
-48.09060214,580.2672382,0.676442593,0,30
-48.11164514,581.5770029,0.675590051,0,30
-48.13363572,582.9473459,0.674707959,0,30
-48.15466619,584.258576,0.67382004,0,30
-48.21045806,585.628292,0.672788042,0,30
-48.25267354,586.9362228,0.671569506,0,30
-48.33825833,588.2420819,0.670306457,0,30
-48.42896111,589.6635077,0.669041329,0,30
-48.50929049,591.0270223,0.667873251,0,30
-48.5896136,592.3912696,0.66692547,0,30
-48.66992575,593.756799,0.665966426,0,30
-48.75026216,595.1230614,0.665089632,0,30
-48.82758845,596.4307428,0.664600125,0,30
-48.90503111,597.7390969,0.664184074,0,30
-48.98604981,599.1076854,0.663885674,0,30
-49.06354151,600.4174443,0.663860541,0,30
-49.14099747,601.7278134,0.663959295,0,30
-49.22200625,603.097562,0.664283628,0,30
-49.29948073,604.4093357,0.664313507,0,30
-49.39889941,605.7789973,0.664557493,0,30
-49.50775207,607.0843228,0.664776494,0,30
-49.63363147,608.4477995,0.664498866,0,30
-49.77810049,609.8651667,0.664691277,0,30
-49.90983436,611.1651924,0.6644309,0,30
-50.07824659,612.5173094,0.664322666,0,30
-50.20983631,613.6949114,0.664207782,0,30
-50.39956817,615.0422649,0.663822966,0,30
-50.60399042,616.3246555,0.663254734,0,30
-50.78111212,617.5507609,0.662734356,0,30
-50.9669478,618.8360455,0.66219158,0,30
-51.21438686,620.1111714,0.661245868,0,30
-51.45289088,621.3851218,0.659949364,0,30
-51.76062139,622.7035651,0.658392692,0,30
-52.09213353,624.0149457,0.656288465,0,30
-52.43406434,625.2610826,0.653954123,0,30
-52.82825153,626.4905087,0.651784766,0,30
-53.23809461,627.7741666,0.649484256,0,30
-53.65545838,628.9923119,0.647621531,0,30
-54.13002437,630.2508785,0.646160084,0,30
-54.62073155,631.5640474,0.644693153,0,30
-55.09571065,632.7564301,0.643858309,0,30
-55.61533306,633.9941335,0.642987427,0,30
-56.15176573,635.2224555,0.642169383,0,30
-56.74493573,636.4241525,0.641288484,0,30
-57.28074417,637.5219258,0.640373412,0,30
-57.85663722,638.6625997,0.639623071,0,30
-58.47364713,639.7825598,0.638757952,0,30
-59.10317569,640.9594725,0.638029415,0,30
-59.79498161,642.1009541,0.637381555,0,30
-60.3998319,643.1576756,0.636464336,0,30
-61.14336299,644.2660171,0.635735236,0,30
-61.89778941,645.349784,0.635077742,0,30
-62.66025019,646.4258041,0.634087257,0,30
-63.48466586,647.4541175,0.633361447,0,30
-64.4074217,648.3139561,0.632719855,0,30
-65.37304798,649.1943715,0.632321996,0,30
-66.28050133,650.1264948,0.631987857,0,30
-67.23662106,651.0940207,0.631706774,0,30
-68.11498372,651.982849,0.631575322,0,30
-69.07503857,652.9543163,0.631506262,0,30
-69.92044378,653.8021978,0.631234385,0,30
-70.86602522,654.7096741,0.631332455,0,30
-71.82343291,655.6051008,0.631396318,0,30
-72.8136175,656.5483113,0.631155271,0,30
-73.76842188,657.3625688,0.631026491,0,30
-74.86661519,658.0776717,0.630885181,0,30
-75.94752991,658.7962294,0.630850023,0,30
-77.01016044,659.5430231,0.63075801,0,30
-77.93762424,660.1913949,0.630525249,0,30
-79.037041,660.8883739,0.630585282,0,30
-80.12405423,661.6060068,0.630351829,0,30
-81.2586864,662.2494332,0.630514567,0,30
-82.37238517,662.9256522,0.630340701,0,30
-83.49902353,663.5845802,0.630160334,0,30
-84.68436677,664.1313568,0.629997667,0,30
-85.8638443,664.5286119,0.630330845,0,30
-87.05607041,665.0255624,0.630093855,0,30
-88.22164061,665.4426037,0.630016251,0,30
-89.39961506,665.7978376,0.630031368,0,30
-90.63181656,666.1522527,0.629929215,0,30
-91.90010844,666.3400422,0.629860788,0,30
-93.15736948,666.5271878,0.629847166,0,30
-94.30706331,666.680076,0.629890927,0,30
-95.56936594,666.8292252,0.629823033,0,30
-96.83587612,666.9504455,0.629706969,0,30
-98.05378192,666.9986517,0.629613594,0,30
-99.26262858,666.9816309,0.629626031,0,30
-100.4693172,666.9277733,0.629569179,0,30
-101.7121791,666.7243871,0.629996285,0,30
-102.8974579,666.5626391,0.629770135,0,30
-104.0077686,666.2869866,0.629863402,0,30
-105.2258017,666.0435168,0.629651508,0,30
-106.3778786,665.7354939,0.629926925,0,30
-107.4866043,665.4774127,0.629836183,0,30
-108.6918089,665.1435887,0.629962398,0,30
-109.7979209,664.8573371,0.629848351,0,30
-111.0076029,664.5283139,0.629861698,0,30
-112.116337,664.2335365,0.629861316,0,30
-113.3138836,663.8420077,0.630003718,0,30
-114.4566922,663.4592919,0.629861022,0,30
-115.6109594,662.9521756,0.630213773,0,30
-116.7273721,662.5198377,0.62991521,0,30
-117.8748403,662.0134569,0.629948759,0,30
-118.984594,661.5529752,0.629926615,0,30
-120.1324772,661.0373171,0.629961948,0,30
-121.1885498,660.5798568,0.62994207,0,30
-122.2813319,660.0654984,0.630005983,0,30
-123.3834237,659.5674001,0.630010225,0,30
-124.4678477,659.0254328,0.630150851,0,30
-125.6115643,658.4775612,0.630077069,0,30
-126.7086425,657.9516994,0.630085132,0,30
-127.808709,657.4244589,0.630111285,0,30
-128.9117639,656.8958395,0.630147418,0,30
-130.0681446,656.3414818,0.630181788,0,30
-131.1771921,655.8100439,0.630199847,0,30
-132.2890454,655.2771646,0.630232542,0,30
-133.454346,654.718609,0.630246974,0,30
-134.5716413,654.1830285,0.630287687,0,30
-135.6406087,653.6706647,0.630304152,0,30
-136.8140929,653.1083324,0.630349277,0,30
-137.9389418,652.5694582,0.630363335,0,30
-139.066106,652.0293827,0.630396654,0,30
-140.2468238,651.463693,0.630427243,0,30
-141.378449,650.9213965,0.630446599,0,30
-142.5637057,650.3533032,0.630471442,0,30
-143.6995135,649.8092106,0.630507309,0,30
-144.8890286,649.239383,0.630523237,0,30
-146.0805548,648.6682293,0.630552215,0,30
-147.2221262,648.1213163,0.630571732,0,30
-148.3655207,647.573625,0.63061595,0,30
-149.5627021,646.9998331,0.630634966,0,30
-150.7095308,646.4504005,0.630631081,0,30
-151.8581074,645.900067,0.630674439,0,30
-153.0082635,645.3488922,0.630699112,0,30
-154.2123079,644.7722281,0.63072064,0,30
-155.3655308,644.2194309,0.630741779,0,30
-156.5202052,643.6664629,0.63078184,0,30
-157.728807,643.0870291,0.630799025,0,30
-158.8861941,642.532802,0.630814896,0,30
-160.04492,641.9773042,0.630858379,0,30
-161.2048528,641.4216946,0.63085986,0,30
-162.4188182,640.8398032,0.63087404,0,30
-163.5283858,640.3082476,0.630861223,0,30
-164.7448312,639.7255225,0.630878575,0,30
-165.8902211,639.133703,0.630939408,0,30
-167.0884868,638.5187667,0.630796117,0,30
-168.2148051,637.8972928,0.630977434,0,30
-169.2985124,637.319539,0.630986441,0,30
-170.4077083,636.6707476,0.631168297,0,30
-171.5607072,635.9834363,0.631203915,0,30
-172.6510265,635.3089611,0.631268988,0,30
-173.7507845,634.6481826,0.631311198,0,30
-174.7985682,634.012177,0.631032505,0,30
-175.8673981,633.3016156,0.631166925,0,30
-176.9158429,632.5632814,0.631010679,0,30
-178.0169141,631.8024391,0.630942802,0,30
-179.0748918,631.0792679,0.630783901,0,30
-180.1342236,630.354826,0.630695403,0,30
-181.1561796,629.5777374,0.630607552,0,30
-182.1751039,628.7999512,0.630576341,0,30
-183.2502353,627.9986495,0.630579436,0,30
-184.2798801,627.2310297,0.630506929,0,30
-185.2637763,626.4973947,0.63047065,0,30
-186.2957242,625.728207,0.630369708,0,30
-187.328781,624.9578687,0.630213395,0,30
-188.3629425,624.1868682,0.630066866,0,30
-189.3982082,623.4152665,0.629856089,0,30
-190.3906536,622.5886513,0.629678057,0,30
-191.4213485,621.7213927,0.629435353,0,30
-192.3401592,620.8249076,0.62957052,0,30
-193.2829549,619.9689872,0.629180643,0,30
-194.2133655,619.0976353,0.628959638,0,30
-195.0665461,618.1502158,0.628766129,0,30
-195.7772384,617.0930161,0.629089494,0,30
-196.555423,616.1028251,0.62883887,0,30
-197.3363023,615.1116802,0.628727834,0,30
-198.1540818,614.0734692,0.628511231,0,30
-198.9376472,613.0788058,0.628280611,0,30
-199.7582328,612.0373216,0.628000637,0,30
-200.5086499,611.0847496,0.627681029,0,30
-201.2960735,610.0851734,0.627360119,0,30
-202.0846544,609.0841417,0.62700425,0,30
-202.9102875,608.0361063,0.626702702,0,30
-203.7271872,606.979387,0.626208981,0,30
-204.4878673,605.9547924,0.62606205,0,30
-205.251637,604.9312623,0.625671595,0,30
-206.0143005,603.8371389,0.625599354,0,30
-206.6781577,602.8856586,0.625276666,0,30
-207.3796913,601.8212978,0.625188289,0,30
-208.0971397,600.7665981,0.624879716,0,30
-208.7860225,599.69468,0.624749399,0,30
-209.4902015,598.6315629,0.624528328,0,30
-210.1953999,597.5670502,0.624280156,0,30
-210.9015741,596.5008972,0.624013135,0,30
-211.575897,595.4143837,0.62381927,0,30
-212.2304568,594.3175044,0.623384423,0,30
-212.8679059,593.2124802,0.623097514,0,30
-213.4907833,592.1647876,0.622750307,0,30
-214.0737982,591.0276697,0.622320482,0,30
-214.6551911,589.8927972,0.621890603,0,30
-215.2018882,588.7417528,0.621521071,0,30
-215.7564376,587.5310601,0.6210583,0,30
-216.2829751,586.373188,0.62040429,0,30
-216.7937603,585.2098691,0.620042053,0,30
-217.2704743,584.0314217,0.619610346,0,30
-217.7407954,582.9142226,0.618991912,0,30
-218.1873028,581.7239158,0.618409714,0,30
-218.6558838,580.4817148,0.617802274,0,30
-219.0921391,579.3487765,0.617202048,0,30
-219.5499284,578.1600927,0.616581122,0,30
-220.0035364,576.9677096,0.615783395,0,30
-220.3970795,575.8162108,0.615317808,0,30
-220.7920414,574.6040929,0.614651779,0,30
-221.1744241,573.3894252,0.613982108,0,30
-221.5711681,572.1777499,0.613284234,0,30
-221.9476332,570.9580248,0.612511717,0,30
-222.3003784,569.7327848,0.611837774,0,30
-222.6690407,568.5106727,0.611086329,0,30
-222.9810151,567.3317329,0.610340863,0,30
-223.3118102,566.0992836,0.609503661,0,30
-223.6646529,564.8108487,0.608605434,0,30
-224.0026696,563.5764461,0.607723402,0,30
-224.2875069,562.3283392,0.60690761,0,30
-224.5959311,561.0870282,0.605810946,0,30
-224.9044183,559.8437028,0.60482554,0,30
-225.1993015,558.6552139,0.603845315,0,30
-225.4805426,557.5215612,0.602901539,0,30
-225.8016997,556.215698,0.60173707,0,30
-226.0568996,555.0159404,0.600804767,0,30
-226.3121956,553.7567125,0.599717899,0,30
-226.5608168,552.4979771,0.598719301,0,30
-226.8189145,551.2395669,0.597656302,0,30
-227.0891406,549.9221557,0.596526426,0,30
-227.2968352,548.7127721,0.595496103,0,30
-227.5187939,547.506136,0.594345711,0,30
-227.6755041,546.1709023,0.593513269,0,30
-227.8531474,544.95827,0.592409538,0,30
-228.0140709,543.6247819,0.591489586,0,30
-228.1789011,542.3521416,0.590344562,0,30
-228.3437851,541.07767,0.589350708,0,30
-228.5088761,539.8013073,0.588360563,0,30
-228.6741938,538.5234201,0.587357284,0,30
-228.8397164,537.2438861,0.586359121,0,30
-228.9862826,535.9622972,0.585435341,0,30
-229.1409443,534.6818766,0.584381806,0,30
-229.2885802,533.4581804,0.583459046,0,30
-229.4434212,532.1746474,0.582505271,0,30
-229.6054977,530.8312776,0.581564788,0,30
-229.7536347,529.6034338,0.580715155,0,30
-229.9090006,528.3156311,0.579882519,0,30
-230.0645149,527.0265474,0.579086199,0,30
-230.2173705,525.7359757,0.578235115,0,30
-230.3363302,524.3847882,0.577610641,0,30
-230.4699003,523.0940516,0.577007679,0,30
-230.5981332,521.801804,0.576218206,0,30
-230.6909069,520.5085816,0.575824889,0,30
-230.8026062,519.216559,0.57532288,0,30
-230.9194886,517.8646211,0.574838647,0,30
-231.0365422,516.5114025,0.574389509,0,30
-231.1434383,515.2750243,0.574003823,0,30
-231.2606965,513.919304,0.573638606,0,30
-231.3728707,512.6217291,0.573334281,0,30
-231.446299,511.3228461,0.573117864,0,30
-231.5373319,510.0261285,0.572849349,0,30
-231.6274045,508.7283647,0.572626818,0,30
-231.639038,507.4280987,0.572602929,0,30
-231.6840585,506.1899704,0.572343737,0,30
-231.72878,504.9511069,0.572139089,0,30
-231.7756477,503.6522411,0.571896673,0,30
-231.8226698,502.3522775,0.571659795,0,30
-231.8371353,501.0519746,0.571499319,0,30
-231.8661841,499.6947676,0.571134853,0,30
-231.8935847,498.3955523,0.570911172,0,30
-231.9209789,497.0952988,0.570789228,0,30
-231.9471446,495.8530406,0.570788905,0,30
-231.9758189,494.4914342,0.570932115,0,30
-232.0032382,493.1882502,0.571184514,0,30
-232.0295017,491.9434894,0.571534092,0,30
-232.0571105,490.6386585,0.572027369,0,30
-232.0896984,489.3933412,0.572654497,0,30
-232.1340334,488.0916451,0.573145209,0,30
-232.1998473,486.7335313,0.573941981,0,30
-232.2683684,485.4962146,0.574734512,0,30
-232.4060781,484.1506828,0.575416531,0,30
-232.5825646,482.8135422,0.57636026,0,30
-232.8151239,481.5569899,0.577293653,0,30
-233.1159515,480.3239791,0.578021655,0,30
-233.4443377,479.109033,0.578532456,0,30
-233.840865,477.9209246,0.579032421,0,30
-234.2474092,476.746701,0.579478993,0,30
-234.7392453,475.6125893,0.579665512,0,30
-235.2283086,474.4832165,0.580295713,0,30
-235.7929081,473.3351948,0.580652718,0,30
-236.3380285,472.3069868,0.580908666,0,30
-236.9744359,471.2755903,0.58104693,0,30
-237.6113563,470.2457857,0.581354223,0,30
-238.3229654,469.2732819,0.581265531,0,30
-239.0343863,468.3049285,0.581651361,0,30
-239.815899,467.3298472,0.581851483,0,30
-240.5682484,466.4029971,0.582104356,0,30
-241.4008041,465.5558425,0.582005654,0,30
-242.2191435,464.7003235,0.582595958,0,30
-243.1180889,463.8563009,0.582852043,0,30
-243.9695587,463.0420354,0.583192893,0,30
-244.8767653,462.2949833,0.583028685,0,30
-245.7592376,461.5226859,0.583546896,0,30
-246.6814098,460.7963385,0.583417013,0,30
-247.5986956,460.0576766,0.58355717,0,30
-248.575357,459.4034168,0.583501903,0,30
-249.5659274,458.7782787,0.583158152,0,30
-250.6110325,458.1368767,0.582964133,0,30
-251.6309188,457.56798,0.582701167,0,30
-252.7170333,457.0148529,0.582426606,0,30
-253.7797781,456.5482904,0.58207679,0,30
-254.8426768,456.0806912,0.581737442,0,30
-255.952495,455.5760641,0.581557916,0,30
-257.0981107,455.1596064,0.581178961,0,30
-258.2808167,454.6872307,0.580680197,0,30
-259.376549,454.275964,0.58030123,0,30
-260.5340385,453.8704762,0.579787627,0,30
-261.7446446,453.4413853,0.579317998,0,30
-262.881429,453.145565,0.578584643,0,30
-264.0044918,452.8093897,0.577956912,0,30
-265.1831476,452.4545783,0.577327269,0,30
-266.3759276,452.1456815,0.5765028,0,30
-267.5165417,451.8304162,0.575932741,0,30
-268.6708406,451.5669235,0.575122772,0,30
-269.8313904,451.3132535,0.574240455,0,30
-270.9929518,451.0403588,0.573343621,0,30
-272.2117209,450.7536653,0.572426509,0,30
-273.38166,450.4788272,0.571791495,0,30
-274.555437,450.2028008,0.571470173,0,30
-275.6794257,449.9386827,0.571799263,0,30
-276.913939,449.6485825,0.5726844,0,30
-278.1517281,449.3574113,0.574375192,0,30
-279.3384405,449.0784427,0.576747193,0,30
-280.5816737,448.7856696,0.580149924,0,30
-281.8274234,448.4931622,0.583528904,0,30
-283.0764066,448.1991557,0.582555976,0,30
-284.3829444,447.891842,0.582512546,0,30
-285.583399,447.6096934,0.580206471,0,30
-286.787507,447.3260494,0.577242424,0,30
-288.050108,447.0291675,0.57648657,0,30
-289.2608512,446.7438707,0.574966781,0,30
-290.5297385,446.445516,0.573873939,0,30
-291.746204,446.1591081,0.572754373,0,30
-292.9652435,445.8724779,0.571434904,0,30
-294.1869575,445.5845884,0.570320789,0,30
-295.4112418,445.296904,0.569167314,0,30
-296.5824955,445.0209781,0.568035972,0,30
-297.8677983,444.7187949,0.56687732,0,30
-299.0896178,444.3944543,0.565900537,0,30
-300.3149168,444.0844921,0.56453264,0,30
-301.5202008,443.7007833,0.563441545,0,30
-302.7865417,443.323519,0.561804574,0,30
-303.9796346,442.9056963,0.560646782,0,30
-305.1194123,442.5097042,0.559277336,0,30
-306.3180116,441.954852,0.557709411,0,30
-307.3910011,441.2925008,0.556660996,0,30
-308.5503471,440.6896872,0.554820595,0,30
-309.6612249,440.1102112,0.553201318,0,30
-310.8027904,439.4682292,0.551655193,0,30
-311.8894369,438.8423857,0.550227549,0,30
-313.0000286,438.1452472,0.548405595,0,30
-314.0977763,437.4276664,0.546697824,0,30
-315.1133101,436.6964995,0.545056165,0,30
-316.1169023,435.9536297,0.548462854,0,30
-317.0436645,435.1193701,0.553524218,0,30
-318.0042377,434.2507177,0.549182769,0,30
-318.8734149,433.2908562,0.546673116,0,30
-319.7384676,432.4161359,0.537617082,0,30
-320.5755234,431.5108307,0.536905843,0,30
-321.3199503,430.5286547,0.537520417,0,30
-322.1156709,429.531103,0.537708104,0,30
-322.8680952,428.4980726,0.539769913,0,30
-323.6009022,427.5197662,0.541434316,0,30
-324.2485311,426.4808943,0.543642361,0,30
-324.8395531,425.4865387,0.545629176,0,30
-325.3953931,424.4101249,0.54738463,0,30
-325.9752003,423.3610871,0.550943904,0,30
-326.5895254,422.2652071,0.554319996,0,30
-327.178471,421.2145379,0.55869515,0,30
-327.7662978,420.1605009,0.56427735,0,30
-328.3336619,419.0330797,0.569544295,0,30
-328.8832585,417.9582613,0.575401516,0,30
-329.3727142,416.9150457,0.580748487,0,30
-329.8898226,415.8240743,0.586262289,0,30
-330.3859023,414.724314,0.592044549,0,30
-330.9204595,413.5806761,0.597913748,0,30
-331.3839303,412.4633573,0.602868078,0,30
-331.8486762,411.3484919,0.608524217,0,30
-332.2472504,410.2064392,0.613571154,0,30
-332.6594264,409.0130914,0.618184981,0,30
-332.9822624,407.8533559,0.622349972,0,30
-333.3151419,406.6476069,0.626300908,0,30
-333.6143817,405.4885856,0.62975983,0,30
-333.8568094,404.370171,0.632534656,0,30
-334.0730912,403.1992057,0.634700521,0,30
-334.2591736,402.0244408,0.636327014,0,30
-334.4500474,400.9049138,0.638372745,0,30
-334.5937118,399.6656747,0.639209118,0,30
-334.7433309,398.5366363,0.640376941,0,30
-334.8880322,397.3486953,0.641226036,0,30
-335.0064671,396.156561,0.64181631,0,30
-335.1430055,394.9634213,0.642621598,0,30
-335.2862427,393.7120889,0.643476997,0,30
-335.4300312,392.4570367,0.644306123,0,30
-335.5618311,391.3078187,0.645081792,0,30
-335.6589691,390.0968183,0.645144268,0,30
-335.7645607,388.941881,0.645389918,0,30
-335.8714965,387.7838412,0.645700204,0,30
-335.9838096,386.5675363,0.645994939,0,30
-336.0964838,385.3476931,0.646285343,0,30
-336.2043629,384.1804415,0.646472096,0,30
-336.3177451,382.9543153,0.646696696,0,30
-336.4313393,381.7250159,0.646862944,0,30
-336.5400696,380.548796,0.64698741,0,30
-336.6542004,379.3136395,0.647110236,0,30
-336.7686185,378.0754937,0.647208188,0,30
-336.8885218,376.7782899,0.647317091,0,30
-337.003438,375.5347752,0.647369538,0,30
-337.1185728,374.2887589,0.647430337,0,30
-337.2339269,373.040241,0.647484708,0,30
-337.3442389,371.8462665,0.647493949,0,30
-337.4547317,370.6500954,0.647545876,0,30
-337.5287034,369.3940799,0.646804997,0,30
-337.6196731,368.1954217,0.646513958,0,30
-337.7194352,366.8802167,0.646193303,0,30
-337.8150578,365.619929,0.645824855,0,30
-337.915159,364.3000254,0.645496289,0,30
-338.0110565,363.0352828,0.645152481,0,30
-338.1071165,361.7685877,0.644797795,0,30
-338.2076689,360.4422157,0.644440514,0,30
-338.3039996,359.1716152,0.644080507,0,30
-338.3530147,357.9555019,0.643097652,0,30
-338.4217351,356.6835052,0.642166125,0,30
-338.490794,355.4093133,0.64130967,0,30
-338.5599582,354.1331685,0.640424808,0,30
-338.6323339,352.7969694,0.639523301,0,30
-338.6985234,351.5750802,0.638660344,0,30
-338.7679658,350.2933203,0.637739244,0,30
-338.840658,348.9513844,0.636784773,0,30
-338.907118,347.7243686,0.635862692,0,30
-338.9768493,346.4374823,0.634889101,0,30
-339.0466668,345.1489481,0.633917839,0,30
-339.1165856,343.8588883,0.632876057,0,30
-339.1834072,342.625953,0.631917409,0,30
-339.2534923,341.3327196,0.630893753,0,30
-339.3236514,340.0381435,0.629857027,0,30
-339.3938964,338.7421027,0.628820228,0,30
-339.4641977,337.4447802,0.627772025,0,30
-339.5345596,336.146176,0.626714442,0,30
-339.6050101,334.8464125,0.625661536,0,30
-339.6755428,333.5452147,0.624603071,0,30
-339.7461267,332.2429489,0.623536168,0,30
-339.8135761,330.9987536,0.622520738,0,30
-339.8842724,329.6941685,0.621450684,0,30
-339.9550491,328.388485,0.620377432,0,30
-340.0226475,327.1411159,0.619341137,0,30
-340.0935243,325.8333268,0.618250773,0,30
-340.1644211,324.5245304,0.617172709,0,30
-340.2321585,323.2743232,0.616123394,0,30
-340.3031466,321.9635432,0.615024509,0,30
-340.374157,320.651939,0.613889276,0,30
-340.441992,319.3990767,0.612818463,0,30
-340.5131093,318.0857333,0.611652978,0,30
-340.5842197,316.7716571,0.610490834,0,30
-340.6521282,315.5165057,0.609346648,0,30
-340.723299,314.2007509,0.608148169,0,30
-340.7944986,312.8841721,0.606937774,0,30
-340.8656289,311.566921,0.605685062,0,30
-340.933387,310.308807,0.604492671,0,30
-341.0012373,309.0500526,0.603310429,0,30
-341.0493191,307.7301316,0.601541151,0,30
-341.0898821,306.47322,0.599932638,0,30
-341.1390156,305.1557198,0.598333239,0,30
-341.1881413,303.8374258,0.596643485,0,30
-341.2371205,302.5182758,0.594997135,0,30
-341.2837515,301.2583936,0.593405051,0,30
-341.3326598,299.9377165,0.591730585,0,30
-341.381485,298.6162143,0.590062922,0,30
-341.4302701,297.2940402,0.588383573,0,30
-341.4788821,295.971193,0.58669028,0,30
-341.5272083,294.6478243,0.584979823,0,30
-341.5755342,293.323784,0.583295825,0,30
-341.6238692,291.9991026,0.581560677,0,30
-341.6720059,290.6736563,0.579839963,0,30
-341.7178307,289.4080277,0.578187779,0,30
-341.7656533,288.0815713,0.576424505,0,30
-341.8132442,286.7546549,0.574648707,0,30
-341.8606418,285.4271569,0.572869688,0,30
-341.9078375,284.0991686,0.571066822,0,30
-341.9549053,282.7707213,0.569246421,0,30
-342.0018064,281.4418146,0.567422075,0,30
-342.0506291,280.0520184,0.565473311,0,30
-342.0971898,278.722193,0.563599342,0,30
-342.1415046,277.4524605,0.561801271,0,30
-342.1877804,276.1216862,0.559922998,0,30
-342.2318589,274.8509443,0.558093947,0,30
-342.2778154,273.5194041,0.556180372,0,30
-342.3236518,272.1872827,0.554257725,0,30
-342.3693589,270.8546718,0.552345796,0,30
-342.414973,269.5217548,0.550412266,0,30
-342.4564349,268.3094847,0.548657532,0,30
-342.5019432,266.9756204,0.546713977,0,30
-342.5452038,265.7020933,0.544882064,0,30
-342.5925115,264.3067278,0.542843266,0,30
-342.6376422,262.9718223,0.540888324,0,30
-342.6826589,261.6363967,0.538923355,0,30
-342.7275267,260.3008784,0.536965866,0,30
-342.7723573,258.964688,0.534965567,0,30
-342.8171556,257.6282837,0.532990745,0,30
-342.8598984,256.3521878,0.531072454,0,30
-342.9046439,255.0148977,0.529050392,0,30
-342.9472603,253.7381595,0.527128388,0,30
-342.9918129,252.400135,0.525072199,0,30
-343.036292,251.0618962,0.523003343,0,30
-343.080634,249.7232594,0.520956758,0,30
-343.1248904,248.3843776,0.518845295,0,30
-343.1691262,247.0452208,0.516747032,0,30
-343.2133341,245.7056364,0.514641114,0,30
-343.2554855,244.4267267,0.51260684,0,30
-343.2995335,243.0864998,0.510523769,0,30
-343.3435388,241.7461199,0.508368419,0,30
-343.3855612,240.4661711,0.506354496,0,30
-343.4294773,239.1251798,0.504214952,0,30
-343.4733741,237.7836084,0.502083375,0,30
-343.5171807,236.4420361,0.499956646,0,30
-343.5238717,235.1024058,0.497172926,0,30
-343.5478134,233.7640525,0.494706955,0,30
-343.5715974,232.4253926,0.492212826,0,30
-343.5952884,231.086335,0.489714618,0,30
-343.6188647,229.7467574,0.487217942,0,30
-343.6433945,228.3460682,0.484608329,0,30
-343.6668022,227.0056649,0.482075234,0,30
-343.6901294,225.6650777,0.479550927,0,30
-343.713448,224.324002,0.477012049,0,30
-343.7356505,223.0434564,0.474568221,0,30
-343.7588556,221.701647,0.472022383,0,30
-343.7819769,220.3592568,0.469430036,0,30
-343.8060603,218.9557552,0.466730142,0,30
-343.8290689,217.6126619,0.464108038,0,30
-343.8520246,216.269446,0.461491737,0,30
-343.8728737,215.047841,0.459082158,0,30
-343.8957419,213.7038611,0.456463559,0,30
-343.9185525,212.3594228,0.453817274,0,30
-343.9402661,211.0759117,0.451279848,0,30
-343.962926,209.7308005,0.448649132,0,30
-343.9855514,208.3855974,0.445960559,0,30
-344.0070864,207.1009856,0.443444668,0,30
-344.0296157,205.7550796,0.440780958,0,30
-344.0520896,204.4086235,0.43811126,0,30
-344.0735383,203.1233394,0.435560498,0,30
-344.0959435,201.776211,0.432888363,0,30
-344.1172873,200.4903155,0.430309436,0,30
-344.1395705,199.1427282,0.427656433,0,30
-344.1618107,197.7949268,0.424989444,0,30
-344.1830212,196.5082668,0.422407361,0,30
-344.2051898,195.1597932,0.419711585,0,30
-344.2273351,193.8113194,0.416996214,0,30
-344.2494108,192.462387,0.414277594,0,30
-344.2704743,191.1745657,0.411668604,0,30
-344.2661078,189.8285824,0.408490017,0,30
-344.2749753,188.4831701,0.405532265,0,30
-344.2842167,187.0760918,0.402384929,0,30
-344.2926026,185.7910319,0.399520227,0,30
-344.3016737,184.3832805,0.396400933,0,30
-344.3103739,183.0362793,0.393365074,0,30
-344.3190161,181.6890333,0.390337524,0,30
-344.3276143,180.3412985,0.387314592,0,30
-344.3361754,178.9933802,0.384264796,0,30
-344.344322,177.7061812,0.381342743,0,30
-344.3527938,176.3574989,0.378327703,0,30
-344.3608503,175.0695664,0.375410623,0,30
-344.3688754,173.7815726,0.372500202,0,30
-344.3772634,172.4316379,0.369447414,0,30
-344.3848499,171.2043327,0.366663951,0,30
-344.3931179,169.8537558,0.363620414,0,30
-344.4013271,168.503148,0.360552156,0,30
-344.409099,167.2133508,0.357629261,0,30
-344.4171741,165.8620701,0.354569288,0,30
-344.4252287,164.5104535,0.351473513,0,30
-344.4328354,163.2199527,0.348543755,0,30
-344.4403776,161.9294513,0.345577262,0,30
-344.4482317,160.5771308,0.342492601,0,30
-344.4560369,159.2245046,0.339368921,0,30
-344.4351393,157.8724878,0.335660692,0,30
-344.392849,156.524837,0.33173614,0,30
-344.3657261,155.1765832,0.328017328,0,30
-344.3385822,153.8278713,0.324245791,0,30
-344.3126176,152.5399838,0.320665208,0,30
-344.2853516,151.1903855,0.316905418,0,30
-344.2580533,149.8401458,0.313112695,0,30
-344.2306679,148.4893863,0.309348431,0,30
-344.2032188,147.1383211,0.305546817,0,30
-344.1769611,145.8481719,0.301920837,0,30
-344.1493606,144.4960674,0.298129304,0,30
-344.1217005,143.1436875,0.294327598,0,30
-344.0939579,141.790788,0.290531103,0,30
-344.0674138,140.4989268,0.286880013,0,30
-344.0408151,139.2068209,0.283230932,0,30
-344.0141399,137.9141037,0.279580774,0,30
-343.9860876,136.559614,0.275774516,0,30
-343.9579716,135.2046658,0.271951054,0,30
-343.9310645,133.9109087,0.268269719,0,30
-343.9040559,132.6169065,0.264633071,0,30
-343.8756806,131.2607349,0.26078604,0,30
-343.8471876,129.9044402,0.256930502,0,30
-343.8199033,128.6091839,0.2532479,0,30
-343.7912203,127.2521854,0.249376561,0,30
-343.7610728,125.8329557,0.245310742,0,30
-343.7322016,124.4752839,0.24139127,0,30
-343.7046457,123.1793232,0.237671707,0,30
-343.6770885,121.8827518,0.233916011,0,30
-343.6482168,120.524439,0.229998569,0,30
-343.6193125,119.1661258,0.226074285,0,30
-343.5917402,117.8693406,0.22230919,0,30
-343.5628199,116.5103557,0.218366827,0,30
-343.5339043,115.1513708,0.214425006,0,30
-343.5062908,113.8538526,0.210652911,0,30
-343.4773552,112.4941959,0.206722696,0,30
-343.4470746,111.0727364,0.202585082,0,30
-343.4194312,109.7747294,0.198806204,0,30
-343.3904918,108.4144011,0.194855457,0,30
-343.3615321,107.0540726,0.190883799,0,30
-343.3325772,105.6937441,0.186933902,0,30
-343.3049526,104.3947603,0.183121993,0,30
-343.2759901,103.0337602,0.179190017,0,30
-343.248358,101.7346237,0.17537399,0,30
-343.2193691,100.3734096,0.171422971,0,30
-343.190399,99.0117377,0.16743054,0,30
-343.1614193,97.65006572,0.163448548,0,30
-343.1337569,96.35028792,0.159637393,0,30
-343.1061077,95.05032706,0.155803086,0,30
-343.0771185,93.68798336,0.151802851,0,30
-343.048129,92.32563966,0.147787303,0,30
-343.0204594,91.02522069,0.143939188,0,30
-342.9927946,89.72477124,0.140084608,0,30
-342.9651333,88.42377229,0.136214034,0,30
-342.9361322,87.06075685,0.132193553,0,30
-342.9071279,85.69771086,0.128130461,0,30
-342.8781079,84.33472579,0.124110588,0,30
-342.849088,82.97152702,0.120037736,0,30
-342.8200673,81.60783978,0.115979142,0,30
-342.7910824,80.24415284,0.111897484,0,30
-342.763424,78.94245175,0.108030105,0,30
-342.73444,77.5787343,0.103981016,0,30
-342.7054384,76.2147114,0.099886101,0,30
-342.676458,74.85068869,0.095835715,0,30
-342.6474757,73.48657438,0.091752553,0,30
-342.6198278,72.18423227,0.087859776,0,30
-342.5908507,70.81987377,0.08378898,0,30
-342.5618771,69.45545424,0.079710737,0,30
-342.534233,68.15279162,0.075824767,0,30
-342.5040127,66.72927195,0.071571104,0,30
-342.4750093,65.36324939,0.06762957,0,30
-342.4390814,63.66427599,0.062277336,0,30
-342.3867767,61.18236048,0.054426368,0,30
-342.3151544,57.75967169,0.042212377,0,30
-342.2448124,54.29205473,0.032451078,0,30
-342.1818992,51.19492869,0.023423202,0,30
-342.1199469,48.15033657,0.014226296,0,30
-342.0663608,45.52234265,0.006573463,0,30
-342.0065332,42.58900226,-0.001594188,0,30
-341.9268861,38.68406497,-0.015031814,0,30
-341.850545,34.72525646,-0.027049853,0,30
-341.779591,31.05299636,-0.038196801,0,30
-341.7164596,27.79139186,-0.047961248,0,30
-341.6515738,24.45373915,-0.049933259,0,30
-341.5939052,21.52488983,-0.054722234,0,30
-341.5350722,18.50398463,-0.079972118,0,30
-341.4697861,15.15611646,-0.085684023,0,30
-341.4130856,12.24644783,-0.095510383,0,30
-341.3550195,9.273953488,-0.104309614,0,30
-341.287284,5.824905527,-0.11586246,0,30
-341.2042493,1.329960489,-0.131289941,0,30
-341.1326254,-2.762464871,-0.143206907,0,30
-341.0520488,-7.366149529,-0.159571023,0,30
-340.9728346,-11.90624524,-0.171246585,0,30
-340.898208,-16.17686527,-0.184281305,0,30
-340.8227787,-20.489012,-0.198891711,0,30
-340.7507708,-24.59484292,-0.210304906,0,30
-340.6818871,-28.51681487,-0.222372344,0,30
-340.6168394,-32.2138751,-0.233460171,0,30
-340.556241,-35.65142869,-0.243855305,0,30
-340.4996077,-38.85941374,-0.253837684,0,30
-340.4488817,-41.7267633,-0.262583195,0,30
-340.4010112,-44.42837535,-0.270840233,0,30
-340.3515571,-47.21638361,-0.279408562,0,30
-340.2930739,-50.51617078,-0.29201405,0,30
-340.2373696,-53.68248298,-0.30081803,0,30
-340.18023,-56.92528335,-0.310468848,0,30
-340.1312772,-59.69973227,-0.3192318,0,30
-340.085116,-62.31203905,-0.327383753,0,30
-340.0414394,-64.77808157,-0.334984434,0,30
-339.9981042,-67.22108679,-0.342686218,0,30
-339.9589073,-69.42890463,-0.349683376,0,30
-339.9636359,-71.52030513,-0.355496256,0,30
-339.953268,-73.52763482,-0.361390539,0,30
-339.9426437,-75.58112702,-0.366905058,0,30
-339.9273455,-78.53735739,-0.377323301,0,30
-339.9125131,-81.51273332,-0.385720953,0,30
-339.8966764,-84.67704081,-0.395488055,0,30
-339.8789973,-88.14110842,-0.406869004,0,30
-339.8614067,-92.1229829,-0.418051002,0,30
-339.8445592,-95.94143523,-0.430471292,0,30
-339.8272355,-99.82840704,-0.441397923,0,30
-339.8101394,-103.6479529,-0.452210626,0,30
-339.7920414,-107.7846763,-0.467274698,0,30
-339.7740355,-112.0652072,-0.479711615,0,30
-339.7558566,-116.3750935,-0.492345894,0,30
-339.7386501,-120.4163861,-0.503938522,0,30
-339.7219948,-124.3048633,-0.515362136,0,30
-339.7070968,-127.7571341,-0.525842223,0,30
-339.6924091,-131.125562,-0.535726328,0,30
-339.7189433,-134.2658852,-0.544239698,0,30
-339.7672095,-137.2060328,-0.551962914,0,30
-339.8112975,-139.9705504,-0.559281338,0,30
-339.8509198,-142.4605714,-0.565805048,0,30
-339.8901122,-144.9282333,-0.572337219,0,30
-339.9288169,-147.3718079,-0.578821126,0,30
-339.9638957,-149.5880561,-0.584728164,0,30
-339.9964056,-151.6450186,-0.590275425,0,30
-340.0368507,-154.203027,-0.597346012,0,30
-340.0810914,-157.0020719,-0.604432597,0,30
-340.1227827,-159.640978,-0.612110366,0,30
-340.1637832,-162.2447136,-0.61909706,0,30
-340.1992282,-164.4973953,-0.625179192,0,30
-340.2344226,-166.7404319,-0.631179363,0,30
-340.2678342,-168.8718724,-0.636899421,0,30
-340.2995847,-170.9008937,-0.642374909,0,30
-340.331138,-172.9224579,-0.647814563,0,30
-340.3599174,-174.7697784,-0.652844476,0,30
-340.3874263,-176.5372898,-0.657633538,0,30
-340.4077947,-177.8525735,-0.660888823,0,30
-340.4113477,-178.1319591,-0.660396776,0,30
-340.4104993,-178.1320765,-0.661207088,0,30
-340.4100491,-178.1320849,-0.661675678,0,30
-340.4117455,-178.1435153,-0.661477873,0,30
-340.4128904,-178.1977084,-0.661591969,0,30
-340.4148839,-178.3008363,-0.661910736,0,30
-340.4180117,-178.5215155,-0.662384586,0,30
-340.4254159,-179.0618573,-0.663885247,0,30
-340.4365236,-179.8382585,-0.666085753,0,30
-340.442209,-180.2534075,-0.667305425,0,30
-340.4424908,-180.2556852,-0.667904949,0,30
-340.4436038,-180.2617224,-0.667177018,0,30
-340.4447105,-180.3072374,-0.667331089,0,30
-340.4464705,-180.3911327,-0.667660329,0,30
-340.4486843,-180.5032231,-0.667936616,0,30
-340.4512821,-180.6514831,-0.668338228,0,30
-340.4540898,-180.8209877,-0.668802059,0,30
-340.4571456,-181.0164989,-0.669340008,0,30
-340.4603098,-181.2358946,-0.669945554,0,30
-340.4639208,-181.4770555,-0.670613429,0,30
-340.4679052,-181.751806,-0.671370864,0,30
-340.4720879,-182.0336037,-0.672148342,0,30
-340.4767893,-182.3331199,-0.672967421,0,30
-340.4819336,-182.6642779,-0.673875602,0,30
-340.487135,-182.9958533,-0.674785349,0,30
-340.4926241,-183.3419066,-0.675729282,0,30
-340.4983672,-183.7010339,-0.676711921,0,30
-340.5039668,-184.0545726,-0.677681419,0,30
-340.5103278,-184.4370805,-0.67871808,0,30
-340.5170574,-184.8491062,-0.679842218,0,30
-340.5239617,-185.271631,-0.680991628,0,30
-340.5309908,-185.703874,-0.682168654,0,30
-340.5376627,-186.125099,-0.683317847,0,30
-340.544573,-186.5541341,-0.684489958,0,30
-340.5520267,-187.0117028,-0.685738797,0,30
-340.5592246,-187.4558503,-0.686948461,0,30
-340.5666395,-187.9067277,-0.688175797,0,30
-340.5745875,-188.3859012,-0.689477675,0,30
-340.5825851,-188.8715999,-0.690800318,0,30
-340.5908392,-189.3634548,-0.692140122,0,30
-340.5988225,-189.8385017,-0.693430545,0,30
-340.6072071,-190.3186656,-0.694733365,0,30
-340.6156807,-190.8271361,-0.696109554,0,30
